Date;Avg_Sentiment_Final;Avg_Sentiment_VADER;Avg_Subjectivity;Median_Upvotes;Avg_Upvotes;Sum_Upvotes;Post_Count
2021-01-06;0.9632;0.9632;0.5;;;0.0;1
2021-01-13;0.4995;0.4995;0.0;;;0.0;1
2021-01-14;0.8778;0.8682;0.22;;;0.0;2
2021-01-15;0.8128;0.8128;0.0;;;0.0;2
2021-01-16;0.5882;0.5882;0.0;;;0.0;1
2021-01-17;0.2626;0.2626;0.0938;;;0.0;2
2021-01-18;0.3034;0.3034;0.0;;;0.0;1
2021-01-19;0.4995;0.4995;0.0;;;0.0;1
2021-01-20;0.7555;0.7555;0.0;;;0.0;1
2021-01-21;0.843;0.843;0.25;;;0.0;2
2021-01-22;0.3034;0.3034;0.1;;;0.0;1
2021-01-23;0.6004;0.6004;0.1111;;;0.0;3
2021-01-24;0.9049;0.9049;0.3;;;0.0;1
2021-01-25;-0.4691;-0.4691;0.7143;;;0.0;1
2021-01-26;0.6275;0.6275;0.0;;;0.0;2
2021-01-27;0.5703;0.5703;0.1583;;;0.0;3
2021-01-29;0.5799;0.5799;0.2056;;;0.0;3
2021-01-30;0.6105;0.6105;0.1;;;0.0;3
2021-02-01;0.0533;0.0375;0.4595;;;0.0;3
2021-02-03;-0.1486;-0.1486;0.3944;;;0.0;1
2021-02-05;0.4995;0.4995;0.0;;;0.0;2
2021-02-06;0.3011;0.3011;0.3188;;;0.0;7
2021-02-07;0.324;0.324;0.3042;;;0.0;4
2021-02-10;0.6575;0.6575;0.2786;;;0.0;3
2021-02-12;0.9052;0.8916;0.6607;;;0.0;4
2021-02-13;0.4367;0.4367;0.5511;;;0.0;4
2021-02-16;0.2398;0.2398;0.1667;;;0.0;2
2021-02-17;0.3629;0.3629;0.4439;;;0.0;3
2021-02-18;0.3961;0.3848;0.3861;;;0.0;3
2021-02-20;-0.0583;-0.0583;0.0;;;0.0;2
2021-02-21;0.3437;0.3437;0.3404;;;0.0;5
2021-02-22;0.4995;0.4995;0.0;;;0.0;1
2021-02-23;0.7171;0.7171;0.156;;;0.0;5
2021-02-24;0.4139;0.4139;0.1236;;;0.0;4
2021-02-25;0.7202;0.7021;0.4222;;;0.0;4
2021-02-26;0.4995;0.4995;0.0;;;0.0;1
2021-02-27;0.3073;0.3073;0.025;;;0.0;4
2021-02-28;0.277;0.277;0.0;;;0.0;1
2021-03-01;-0.6808;-0.6808;0.4545;;;0.0;1
2021-03-04;0.7231;0.7231;0.4667;;;0.0;3
2021-03-06;0.703;0.703;0.25;;;0.0;3
2021-03-07;0.6275;0.6275;0.1667;;;0.0;2
2021-03-09;0.7404;0.7404;0.725;;;0.0;1
2021-03-10;0.6994;0.6812;0.1909;;;0.0;5
2021-03-14;-0.2088;-0.2208;0.15;;;0.0;3
2021-03-15;0.6633;0.6633;0.0;;;0.0;1
2021-03-17;0.3359;0.3359;0.05;;;0.0;3
2021-03-18;0.3536;0.3536;0.6932;;;0.0;3
2021-03-19;0.4995;0.4995;0.0;;;0.0;1
2021-03-20;-0.1882;-0.1644;0.0;;;0.0;3
2021-03-21;0.6282;0.6282;0.7375;;;0.0;2
2021-03-22;0.3663;0.3663;0.0333;;;0.0;3
2021-03-23;0.5835;0.5835;0.2938;;;0.0;2
2021-03-24;0.6821;0.6678;0.4706;;;0.0;4
2021-03-26;0.1879;0.1879;0.3958;;;0.0;1
2021-03-27;0.3137;0.3137;0.25;;;0.0;2
2021-03-28;-0.6431;-0.6431;0.0667;;;0.0;1
2021-03-30;-0.3016;-0.3016;0.45;;;0.0;1
2021-04-01;0.1314;0.1314;0.0;;;0.0;3
2021-04-02;0.6584;0.6584;0.3333;;;0.0;3
2021-04-03;0.1823;0.2052;0.1518;;;0.0;3
2021-04-04;0.2579;0.2579;0.0;;;0.0;4
2021-04-05;0.6633;0.6633;0.75;;;0.0;1
2021-04-06;0.5426;0.5426;0.1;;;0.0;3
2021-04-08;0.1162;0.1162;0.2273;;;0.0;2
2021-04-10;0.4696;0.4696;0.425;;;0.0;4
2021-04-11;0.2674;0.2674;0.4845;;;0.0;5
2021-04-12;0.41;0.41;0.1933;;;0.0;5
2021-04-13;-0.5106;-0.5106;0.5;;;0.0;1
2021-04-14;0.3863;0.3863;0.1667;;;0.0;2
2021-04-15;0.6516;0.6516;0.5583;;;0.0;3
2021-04-16;0.1148;0.1148;0.1451;;;0.0;4
2021-04-17;0.4759;0.4759;0.22;;;0.0;7
2021-04-18;0.651;0.6412;0.15;;;0.0;4
2021-04-19;0.37;0.37;0.3684;;;0.0;7
2021-04-20;0.101;0.101;0.3;;;0.0;3
2021-04-21;0.0;0.0;0.0;;;0.0;1
2021-04-22;0.3844;0.3844;0.2053;;;0.0;5
2021-04-23;0.2414;0.2331;0.0807;;;0.0;6
2021-04-24;0.333;0.333;0.0333;;;0.0;3
2021-04-26;0.1859;0.1859;0.2;;;0.0;3
2021-04-27;0.4715;0.4715;0.0706;;;0.0;7
2021-04-28;0.1123;0.1123;0.3864;;;0.0;2
2021-04-29;0.0079;-0.0038;0.2727;;;0.0;5
2021-04-30;0.2601;0.2601;0.0;;;0.0;3
2021-05-01;0.2842;0.2842;0.16;;;0.0;5
2021-05-02;-0.7252;-0.7252;0.2456;;;0.0;2
2021-05-03;0.5122;0.4962;0.0;;;0.0;4
2021-05-04;0.1851;0.1851;0.3526;;;0.0;4
2021-05-05;0.2051;0.1932;0.275;;;0.0;4
2021-05-06;0.4782;0.4782;0.1848;;;0.0;3
2021-05-07;0.4995;0.4995;0.0;;;0.0;1
2021-05-08;0.0166;0.0166;0.25;;;0.0;4
2021-05-09;-0.0941;-0.0788;0.0;;;0.0;4
2021-05-10;0.1018;0.1018;0.2;;;0.0;2
2021-05-11;0.5292;0.5292;0.1767;;;0.0;5
2021-05-12;0.4995;0.4995;0.0;;;0.0;1
2021-05-13;0.0378;0.0378;0.1838;;;0.0;5
2021-05-14;0.7212;0.7212;0.1708;;;0.0;3
2021-05-15;0.391;0.391;0.3865;;;0.0;3
2021-05-16;0.2498;0.2498;0.0;;;0.0;2
2021-05-17;0.6212;0.6212;0.3333;;;0.0;2
2021-05-18;0.0;0.0;0.0;;;0.0;1
2021-05-19;0.585;0.585;0.5;;;0.0;2
2021-05-20;0.4995;0.4995;0.0;;;0.0;1
2021-05-21;0.333;0.333;0.0;;;0.0;3
2021-05-22;0.3247;0.3164;0.3051;;;0.0;8
2021-05-23;0.2498;0.2498;0.0781;;;0.0;4
2021-05-24;0.5448;0.5448;0.1042;;;0.0;3
2021-05-25;0.0408;0.0408;0.3;;;0.0;5
2021-05-26;0.3024;0.2952;0.0786;;;0.0;7
2021-05-27;0.2454;0.2454;0.075;;;0.0;4
2021-05-28;0.497;0.497;0.2;;;0.0;5
2021-05-29;0.353;0.3308;0.3333;;;0.0;3
2021-05-30;0.5039;0.5039;0.1633;;;0.0;9
2021-05-31;0.2498;0.2498;0.0;;;0.0;2
2021-06-01;0.5193;0.5193;0.1;;;0.0;5
2021-06-02;0.3375;0.3375;0.125;;;0.0;7
2021-06-03;0.5513;0.5513;0.2281;;;0.0;5
2021-06-05;-0.2304;-0.2304;0.0;;;0.0;4
2021-06-06;0.7603;0.7603;0.7333;;;0.0;1
2021-06-07;0.1612;0.1612;0.0;;;0.0;4
2021-06-08;0.7684;0.748;0.4167;;;0.0;3
2021-06-09;0.766;0.7516;0.325;;;0.0;6
2021-06-10;0.0223;0.0223;0.075;;;0.0;4
2021-06-11;0.5184;0.5184;0.1312;;;0.0;4
2021-06-12;0.4995;0.4995;0.0;;;0.0;1
2021-06-13;0.0;0.0;0.0;;;0.0;1
2021-06-15;0.6166;0.6166;0.45;;;0.0;1
2021-06-17;0.5722;0.5722;0.1896;;;0.0;4
2021-06-18;0.6162;0.6162;0.4792;;;0.0;4
2021-06-20;0.2811;0.2811;0.25;;;0.0;2
2021-06-21;0.7328;0.7328;0.5;;;0.0;2
2021-06-22;0.5545;0.5545;0.2722;;;0.0;3
2021-06-23;0.0;0.0;0.0;;;0.0;1
2021-06-24;0.3671;0.3671;0.4375;;;0.0;4
2021-06-25;0.4605;0.4605;0.2069;;;0.0;2
2021-06-26;0.2362;0.2362;0.1;;;0.0;5
2021-06-27;0.6249;0.6249;0.345;;;0.0;1
2021-06-28;0.2796;0.2796;0.1194;;;0.0;4
2021-06-29;0.4995;0.4995;0.0;;;0.0;1
2021-07-01;0.2498;0.2498;0.0;;;0.0;2
2021-07-02;0.2769;0.2769;0.3714;;;0.0;7
2021-07-03;0.7498;0.727;0.0;;;0.0;2
2021-07-05;0.1846;0.1846;0.1;;;0.0;3
2021-07-06;0.6015;0.6015;0.15;;;0.0;3
2021-07-07;0.7498;0.711;0.0;;;0.0;2
2021-07-08;-0.6476;-0.6476;0.4;;;0.0;1
2021-07-09;0.2498;0.2498;0.0;;;0.0;2
2021-07-10;0.1002;0.1002;0.0;;;0.0;2
2021-07-11;0.0;0.0;0.0;;;0.0;1
2021-07-12;0.3043;0.3043;0.1835;;;0.0;7
2021-07-13;0.8052;0.8052;0.0;;;0.0;1
2021-07-14;0.6082;0.6082;0.2;;;0.0;3
2021-07-16;0.0;0.0;0.0;;;0.0;1
2021-07-17;0.5199;0.5199;0.225;;;0.0;2
2021-07-18;0.0;0.0;0.0;;;0.0;1
2021-07-19;0.4999;0.4999;0.3181;;;0.0;4
2021-07-21;0.2449;0.2485;0.0643;;;0.0;7
2021-07-22;0.5203;0.5203;0.27;;;0.0;5
2021-07-23;0.6166;0.6166;0.45;;;0.0;1
2021-07-26;0.1037;0.1037;0.5107;;;0.0;2
2021-07-28;0.4215;0.4215;1.0;;;0.0;1
2021-07-31;0.3173;0.3173;0.1667;;;0.0;3
2021-08-01;-0.0005;-0.0005;0.4509;;;0.0;1
2021-08-02;0.2831;0.2831;0.1667;;;0.0;3
2021-08-03;0.3392;0.3392;0.1844;;;0.0;4
2021-08-04;0.3338;0.3338;0.2201;;;0.0;7
2021-08-05;0.0198;0.0198;0.4625;;;0.0;4
2021-08-06;0.1069;0.1069;0.1852;;;0.0;5
2021-08-08;-0.3751;-0.3751;0.3875;;;0.0;1
2021-08-09;-0.7594;-0.7594;0.3875;;;0.0;2
2021-08-10;0.7138;0.7138;0.425;;;0.0;2
2021-08-12;0.6166;0.6166;0.45;;;0.0;1
2021-08-13;0.17;0.17;0.125;;;0.0;2
2021-08-15;-0.2732;-0.2732;0.7;;;0.0;1
2021-08-16;0.0229;0.0229;0.3194;;;0.0;2
2021-08-17;0.3651;0.3651;0.2699;;;0.0;6
2021-08-18;0.7895;0.7895;0.225;;;0.0;2
2021-08-19;0.8056;0.8056;0.45;;;0.0;1
2021-08-20;0.1613;0.1613;0.6;;;0.0;1
2021-08-21;0.6166;0.6166;0.45;;;0.0;1
2021-08-22;0.0;0.0;0.0;;;0.0;1
2021-08-23;-0.3502;-0.3502;0.45;;;0.0;2
2021-08-24;0.765;0.765;0.3722;;;0.0;2
2021-08-26;0.4311;0.4311;0.5;;;0.0;2
2021-08-27;0.2976;0.2976;0.2292;;;0.0;4
2021-08-31;-0.6054;-0.6054;0.8444;;;0.0;2
2021-09-02;0.4995;0.4995;0.3;;;0.0;1
2021-09-03;0.7755;0.7755;0.0;;;0.0;1
2021-09-04;0.4995;0.4995;0.1;;;0.0;1
2021-09-05;0.0;0.0;0.0;;;0.0;1
2021-09-07;0.5545;0.5545;0.225;;;0.0;2
2021-09-08;0.5432;0.5432;0.2833;;;0.0;3
2021-09-09;0.5916;0.5916;0.3288;;;0.0;4
2021-09-10;0.1362;0.1362;0.625;;;0.0;2
2021-09-11;0.7213;0.7213;0.45;;;0.0;1
2021-09-12;0.4172;0.4032;0.1755;;;0.0;5
2021-09-14;0.3511;0.3511;0.1187;;;0.0;4
2021-09-16;-0.0031;-0.0031;0.3659;;;0.0;3
2021-09-18;-0.1197;-0.1197;0.4;;;0.0;1
2021-09-23;0.3978;0.3978;0.1129;;;0.0;3
2021-09-25;0.0;0.0;0.0;;;0.0;1
2021-09-28;-0.7107;-0.6891;0.3972;;;0.0;3
2021-09-29;-0.0524;-0.0524;0.1833;;;0.0;3
2021-09-30;-0.2755;-0.2755;0.0;;;0.0;1
2021-10-01;0.7213;0.7213;0.45;;;0.0;1
2021-10-04;0.0;0.0;0.0;;;0.0;1
2021-10-05;0.7213;0.7213;0.45;;;0.0;1
2021-10-07;0.8581;0.8581;0.375;;;0.0;1
2021-10-08;0.3299;0.3299;0.156;;;0.0;2
2021-10-09;0.7213;0.7213;0.45;;;0.0;1
2021-10-12;0.1408;0.128;0.0;;;0.0;1
2021-10-16;-0.1542;-0.1542;0.4273;;;0.0;4
2021-10-19;0.5319;0.5319;0.5714;;;0.0;1
2021-10-21;0.2652;0.2652;0.0;;;0.0;3
2021-10-24;0.0;0.0;0.0;;;0.0;1
2021-10-26;0.0;0.0;0.0;;;0.0;1
2021-10-31;0.4995;0.4995;0.0;;;0.0;1
2021-11-01;0.3552;0.3552;0.2445;;;0.0;2
2021-11-02;0.7371;0.7371;0.7167;;;0.0;1
2021-11-03;0.3171;0.3171;0.0;;;0.0;3
2021-11-05;0.4611;0.4611;0.3333;;;0.0;2
2021-11-07;0.5454;0.5454;0.5417;;;0.0;2
2021-11-09;0.3316;0.3316;0.0;;;0.0;2
2021-11-11;0.4995;0.4995;0.0;;;0.0;1
2021-11-12;0.6841;0.6841;0.0;;;0.0;1
2021-11-14;0.5057;0.5057;0.3;;;0.0;1
2021-11-15;0.0;0.0;0.0;;;0.0;1
2021-11-17;0.0;0.0;0.0;;;0.0;1
2021-11-20;0.0483;0.0483;0.0;;;0.0;3
2021-11-21;0.0;0.0;0.0;;;0.0;1
2021-11-22;0.7695;0.7695;0.4476;;;0.0;1
2021-11-23;0.3373;0.3373;0.15;;;0.0;4
2021-11-24;0.0;0.0;0.15;;;0.0;2
2021-11-25;-0.6236;-0.6236;0.4;;;0.0;2
2021-11-27;0.0;0.0;0.0;;;0.0;1
2021-11-29;0.7213;0.7213;0.05;;;0.0;1
2021-12-01;0.0;0.0;0.0;;;0.0;1
2021-12-07;0.0;0.0;0.0;;;0.0;1
2021-12-09;0.4636;0.4636;0.4708;;;0.0;2
2021-12-10;0.5461;0.5461;0.4286;;;0.0;1
2021-12-18;0.2498;0.2498;0.0;;;0.0;2
2021-12-19;0.8398;0.8398;0.3296;;;0.0;1
2021-12-21;0.6908;0.6908;0.1875;;;0.0;1
2021-12-31;0.1514;0.1514;0.0;;;0.0;2
2022-01-01;0.875;0.875;0.1;;;0.0;1
2022-01-02;0.3638;0.3638;0.4556;;;0.0;2
2022-01-06;0.4909;0.4909;0.2583;;;0.0;2
2022-01-07;0.3973;0.3612;0.0;;;0.0;1
2022-01-09;0.8543;0.8543;0.5;;;0.0;1
2022-01-11;0.2302;0.2302;0.2425;;;0.0;5
2022-01-14;0.1538;0.1538;0.5969;;;0.0;2
2022-01-18;-0.1027;-0.1027;0.3688;;;0.0;1
2022-01-20;0.4995;0.4995;0.0;;;0.0;1
2022-01-23;0.4719;0.4719;1.0;;;0.0;1
2022-01-27;0.516;0.516;0.6179;;;0.0;1
2022-01-28;0.6239;0.6239;0.4;;;0.0;1
2022-02-01;-0.2531;-0.2531;0.375;;;0.0;2
2022-02-02;0.8001;0.8001;0.0;;;0.0;1
2022-02-05;0.0;0.0;0.0;;;0.0;1
2022-02-07;0.7988;0.7988;1.0;;;0.0;1
2022-02-09;0.8188;0.8188;0.0;;;0.0;1
2022-02-11;-0.2193;-0.2053;0.3167;;;0.0;3
2022-02-12;0.0386;0.0386;0.0;;;0.0;2
2022-02-18;-0.1405;-0.1405;0.1333;;;0.0;3
2022-02-19;-0.1245;-0.1245;0.0638;;;0.0;2
2022-02-20;-0.3001;-0.3001;0.3;;;0.0;3
2022-02-21;-0.358;-0.3343;0.4579;;;0.0;3
2022-02-23;0.4995;0.4995;0.6;;;0.0;1
2022-03-04;0.6037;0.6037;0.3361;;;0.0;1
2022-03-06;-0.7184;-0.7184;0.25;;;0.0;1
2022-03-14;0.5168;0.5168;0.3875;;;0.0;2
2022-03-15;0.5859;0.5859;0.3833;;;0.0;1
2022-03-16;0.686;0.686;0.6069;;;0.0;2
2022-03-17;0.1613;0.1613;0.25;;;0.0;1
2022-03-18;0.4995;0.4995;0.0;;;0.0;1
2022-03-22;0.7555;0.7555;0.0;;;0.0;1
2022-03-23;0.0;0.0;0.4;;;0.0;1
2022-03-25;0.4995;0.4995;0.6;;;0.0;1
2022-03-26;0.4995;0.4995;0.5;;;0.0;1
2022-03-28;0.4115;0.4115;0.3972;;;0.0;3
2022-03-29;0.694;0.694;0.0;;;0.0;1
2022-03-30;0.5622;0.5622;0.0;;;0.0;1
2022-03-31;0.2353;0.2478;0.0;;;0.0;2
2022-04-01;0.4247;0.4157;0.3;;;0.0;4
2022-04-04;0.8143;0.8143;0.6;;;0.0;1
2022-04-08;0.1613;0.1613;0.0;;;0.0;1
2022-04-09;-0.0772;-0.0772;0.45;;;0.0;1
2022-04-13;0.8613;0.8613;0.7;;;0.0;1
2022-04-14;0.6486;0.6486;0.5182;;;0.0;1
2022-04-15;-0.5994;-0.5994;0.6875;;;0.0;1
2022-04-18;-0.6844;-0.6844;0.0667;;;0.0;1
2022-04-20;-0.4092;-0.4092;0.1667;;;0.0;2
2022-04-29;-0.3286;-0.3286;0.0;;;0.0;2
2022-05-02;0.4804;0.4804;0.3705;;;0.0;2
2022-05-03;0.3254;0.3254;0.499;;;0.0;1
2022-05-05;0.0976;0.0976;0.35;;;0.0;2
2022-05-06;-0.0906;-0.0906;0.0;;;0.0;3
2022-05-07;0.6542;0.6542;0.475;;;0.0;2
2022-05-09;0.0;0.0;0.0;;;0.0;1
2022-05-13;-0.9227;-0.8388;0.5;;;0.0;1
2022-05-14;0.6124;0.6124;1.0;;;0.0;1
2022-05-16;0.1342;0.1342;0.3994;;;0.0;3
2022-05-17;0.0145;0.0145;0.5333;;;0.0;1
2022-05-18;0.4995;0.4995;0.0;;;0.0;1
2022-05-19;-0.2126;-0.191;0.0963;;;0.0;3
2022-05-20;-0.8356;-0.8356;0.2889;;;0.0;1
2022-05-25;-0.2422;-0.2422;0.0667;;;0.0;1
2022-05-26;0.5438;0.5438;0.4625;;;0.0;2
2022-05-27;0.7125;0.7125;0.0;;;0.0;1
2022-05-29;0.2515;0.2515;0.1136;;;0.0;2
2022-06-01;0.7901;0.7901;0.4;;;0.0;1
2022-06-02;0.6226;0.6226;0.1111;;;0.0;2
2022-06-05;-0.8402;-0.8402;0.0;;;0.0;1
2022-06-06;0.4995;0.4995;0.0;;;0.0;1
2022-06-07;0.2577;0.2577;0.4;;;0.0;1
2022-06-08;0.4084;0.4084;0.0;;;0.0;1
2022-06-09;0.835;0.835;0.1591;;;0.0;2
2022-06-10;0.0;0.0;0.0;;;0.0;2
2022-06-12;0.0772;0.0772;0.55;;;0.0;1
2022-06-15;0.442;0.442;0.2269;;;0.0;3
2022-06-19;0.5882;0.5882;0.3182;;;0.0;1
2022-06-21;0.5461;0.5461;0.1848;;;0.0;1
2022-06-22;0.0;0.0;0.0;;;0.0;1
2022-06-23;0.2577;0.2577;0.75;;;0.0;1
2022-06-24;-0.337;-0.337;0.35;;;0.0;2
2022-06-25;-0.7351;-0.7351;0.0;;;0.0;1
2022-06-26;0.1012;0.1012;0.225;;;0.0;2
2022-06-27;0.2634;0.2634;0.1714;;;0.0;4
2022-06-28;-0.0298;-0.0298;0.0;;;0.0;3
2022-06-29;-0.2875;-0.2875;0.3833;;;0.0;3
2022-06-30;0.7941;0.7941;0.3139;;;0.0;1
2022-07-01;0.0;0.0;0.0;;;0.0;1
2022-07-03;0.0;0.0;0.3258;;;0.0;3
2022-07-04;0.7324;0.7324;0.6667;;;0.0;1
2022-07-06;0.4809;0.4809;0.4606;;;0.0;3
2022-07-08;0.3704;0.3704;0.1875;;;0.0;4
2022-07-09;0.273;0.273;0.2273;;;0.0;2
2022-07-10;0.0;0.0;0.0;;;0.0;1
2022-07-12;0.2883;0.2883;0.0;;;0.0;2
2022-07-15;0.3337;0.3034;0.0;;;0.0;1
2022-07-16;0.2194;0.2194;0.125;;;0.0;2
2022-07-17;0.4995;0.4995;0.0;;;0.0;1
2022-07-20;0.7412;0.7412;0.0;;;0.0;2
2022-07-22;0.3872;0.3872;0.15;;;0.0;2
2022-07-26;0.4995;0.4995;0.0;;;0.0;1
2022-07-27;0.65;0.65;0.4;;;0.0;2
2022-07-28;0.4361;0.4361;0.0333;;;0.0;3
2022-07-30;-0.3238;-0.3238;0.0;;;0.0;2
2022-07-31;0.8918;0.8918;0.0;;;0.0;1
2022-08-01;0.0;0.0;0.0;;;0.0;1
2022-08-02;0.8143;0.8143;0.6;;;0.0;1
2022-08-03;0.407;0.407;0.1971;;;0.0;2
2022-08-04;-0.6124;-0.6124;0.0;;;0.0;1
2022-08-05;0.0343;0.0343;0.65;;;0.0;1
2022-08-06;0.3576;0.3576;0.2833;;;0.0;5
2022-08-07;0.2103;0.2103;0.0;;;0.0;1
2022-08-09;-0.1804;-0.1804;0.1;;;0.0;3
2022-08-10;0.0;0.0;0.0;;;0.0;1
2022-08-11;0.0;0.0;0.0;;;0.0;1
2022-08-12;0.201;0.201;0.0;;;0.0;2
2022-08-13;0.0;0.0;0.5;;;0.0;1
2022-08-14;0.3732;0.3732;0.4;;;0.0;3
2022-08-15;0.4995;0.4995;0.0;;;0.0;1
2022-08-16;-0.3057;-0.3057;0.2167;;;0.0;5
2022-08-17;0.5463;0.5463;0.5;;;0.0;1
2022-08-18;-0.425;-0.425;0.225;;;0.0;2
2022-08-19;0.2058;0.2058;0.1363;;;0.0;4
2022-08-20;0.1764;0.1764;0.3333;;;0.0;3
2022-08-21;0.5994;0.5994;0.0;;;0.0;1
2022-08-22;-0.1263;-0.1263;0.1062;;;0.0;4
2022-08-23;-0.0772;-0.0772;1.0;;;0.0;1
2022-08-24;0.0;0.0;0.0;;;0.0;1
2022-08-26;0.4308;0.4308;0.375;;;0.0;2
2022-08-28;0.4033;0.4033;0.5356;;;0.0;3
2022-08-29;0.0;0.0;0.0;;;0.0;1
2022-08-30;0.8446;0.8446;0.0;;;0.0;1
2022-08-31;0.0;0.0;0.0;;;0.0;1
2022-09-02;-0.5719;-0.5719;0.8;;;0.0;1
2022-09-03;0.0859;0.0859;0.3531;;;0.0;4
2022-09-04;0.3612;0.3612;0.0;;;0.0;1
2022-09-05;0.5461;0.5461;0.1848;;;0.0;1
2022-09-06;0.5132;0.5132;0.3688;;;0.0;4
2022-09-07;0.2988;0.2988;0.548;;;0.0;2
2022-09-08;0.609;0.609;0.2591;;;0.0;2
2022-09-09;0.2179;0.2179;0.2778;;;0.0;5
2022-09-10;-0.1055;-0.1055;0.185;;;0.0;3
2022-09-11;0.0;0.0;0.0;;;0.0;1
2022-09-13;0.1594;0.1594;0.25;;;0.0;4
2022-09-14;0.104;0.104;0.0;;;0.0;3
2022-09-15;0.0;0.0;0.0;;;0.0;1
2022-09-16;0.1436;0.1436;0.3333;;;0.0;3
2022-09-18;0.6739;0.6739;0.0;;;0.0;1
2022-09-19;0.643;0.643;0.9;;;0.0;2
2022-09-20;0.4995;0.4995;0.0;;;0.0;2
2022-09-21;0.5662;0.5662;0.3;;;0.0;3
2022-09-24;0.4754;0.4754;0.25;;;0.0;2
2022-09-25;-0.6249;-0.6249;1.0;;;0.0;1
2022-09-26;-0.4877;-0.4877;0.0;;;0.0;1
2022-09-28;0.6379;0.6379;0.4136;;;0.0;2
2022-10-01;0.3354;0.3354;0.65;;;0.0;2
2022-10-03;0.789;0.789;0.4917;;;0.0;1
2022-10-04;0.6408;0.6408;1.0;;;0.0;1
2022-10-06;0.4968;0.4968;0.0;;;0.0;1
2022-10-08;0.8338;0.8338;0.75;;;0.0;1
2022-10-09;0.7244;0.7244;0.4179;;;0.0;1
2022-10-11;0.7034;0.7034;0.4;;;0.0;1
2022-10-12;-0.3612;-0.3612;0.4545;;;0.0;1
2022-10-14;0.347;0.347;0.55;;;0.0;1
2022-10-17;0.0;0.0;0.1;;;0.0;1
2022-10-19;0.6932;0.6932;0.0;;;0.0;1
2022-10-20;0.0026;0.0026;0.2772;;;0.0;3
2022-10-21;0.3516;0.3516;0.225;;;0.0;4
2022-10-23;-0.4508;-0.4508;0.0966;;;0.0;2
2022-10-25;0.6633;0.6633;0.3139;;;0.0;1
2022-10-26;0.0;0.0;0.0;;;0.0;1
2022-10-27;0.0;0.0;0.0;;;0.0;1
2022-10-28;0.8816;0.8816;0.15;;;0.0;1
2022-10-29;0.2498;0.2498;0.0;;;0.0;2
2022-10-30;0.7925;0.7925;0.1;;;0.0;1
2022-11-02;0.8178;0.7434;0.25;;;0.0;2
2022-11-07;0.0;0.0;0.0;;;0.0;1
2022-11-08;0.4442;0.4442;0.1111;;;0.0;3
2022-11-09;0.43;0.43;0.1333;;;0.0;2
2022-11-10;0.2498;0.2498;0.0;;;0.0;2
2022-11-11;0.0;0.0;0.0;;;0.0;1
2022-11-13;-0.2875;-0.2875;0.0278;;;0.0;3
2022-11-14;0.2375;0.2375;0.4308;;;0.0;5
2022-11-15;0.4746;0.4542;0.2509;;;0.0;5
2022-11-16;0.0;0.0;0.0;;;0.0;1
2022-11-17;0.4844;0.4844;0.1657;;;0.0;4
2022-11-18;0.273;0.273;0.0625;;;0.0;2
2022-11-19;0.6892;0.6892;0.2875;;;0.0;2
2022-11-20;0.4888;0.4888;0.25;;;0.0;2
2022-11-21;0.0;0.0;0.0;;;0.0;1
2022-11-22;0.273;0.273;0.25;;;0.0;2
2022-11-23;0.2469;0.2469;0.1136;;;0.0;2
2022-11-24;0.2498;0.2498;0.2036;;;0.0;2
2022-11-25;0.0;0.0;0.0;;;0.0;2
2022-11-26;0.3363;0.3363;0.0;;;0.0;3
2022-11-27;0.3018;0.3018;0.0;;;0.0;2
2022-11-28;0.7125;0.7125;0.4;;;0.0;1
2022-11-29;0.0;0.0;0.0;;;0.0;1
2022-12-01;0.1393;0.1393;0.1688;;;0.0;2
2022-12-02;0.4995;0.4995;0.0;;;0.0;1
2022-12-04;0.0;0.0;0.0;;;0.0;1
2022-12-06;0.0712;0.0712;0.2833;;;0.0;4
2022-12-07;0.461;0.461;0.3333;;;0.0;3
2022-12-08;0.0;0.0;0.0;;;0.0;1
2022-12-10;0.3316;0.3316;0.0;;;0.0;2
2022-12-12;0.1354;0.1354;0.3875;;;0.0;2
2022-12-13;-0.5574;-0.5574;0.0;;;0.0;1
2022-12-14;0.336;0.336;0.3375;;;0.0;4
2022-12-16;0.0162;0.0162;0.2125;;;0.0;2
2022-12-17;0.4572;0.4572;0.1061;;;0.0;3
2022-12-18;0.0;0.0;0.0;;;0.0;1
2022-12-19;0.6289;0.6289;0.3935;;;0.0;1
2022-12-20;0.0;0.0;0.0;;;0.0;1
2022-12-22;0.1669;0.1517;0.0;;;0.0;2
2022-12-23;0.2405;0.2405;0.0;;;0.0;2
2022-12-25;0.0997;0.0997;0.0;;;0.0;3
2022-12-27;0.4004;0.4004;0.15;;;0.0;2
2022-12-28;-0.3612;-0.3612;0.0;;;0.0;1
2022-12-29;0.4466;0.4466;0.4019;;;0.0;3
2022-12-30;0.3;0.3;0.3333;;;0.0;3
2022-12-31;0.0;0.0;0.0;;;0.0;1
2023-01-01;0.0956;0.0956;0.3005;;;0.0;3
2023-01-02;0.0584;0.0584;0.375;;;0.0;4
2023-01-04;0.4294;0.4294;0.0;;;0.0;3
2023-01-05;-0.2856;-0.2856;0.33;;;0.0;2
2023-01-07;0.0;0.0;0.0;;;0.0;1
2023-01-08;-0.5267;-0.5267;0.725;;;0.0;1
2023-01-09;0.1;0.1;0.125;;;0.0;4
2023-01-10;-0.2615;-0.2615;0.4389;;;0.0;3
2023-01-12;0.2498;0.2498;0.0;;;0.0;2
2023-01-13;0.0;0.0;0.0;;;0.0;2
2023-01-14;0.0;0.0;0.0;;;0.0;1
2023-01-15;0.5461;0.5461;0.2273;;;0.0;1
2023-01-16;0.4995;0.4995;0.4;;;0.0;1
2023-01-17;-0.0564;-0.0564;0.2868;;;0.0;5
2023-01-18;0.2639;0.2639;0.3758;;;0.0;2
2023-01-19;0.0967;0.088;0.5;;;0.0;2
2023-01-20;-0.0037;-0.0037;0.2389;;;0.0;3
2023-01-21;0.5851;0.5851;0.2;;;0.0;3
2023-01-22;0.0325;0.0325;0.2833;;;0.0;3
2023-01-23;-0.7579;-0.7579;0.0;;;0.0;1
2023-01-25;-0.0258;-0.0258;0.0;;;0.0;2
2023-01-26;-0.2463;-0.2463;0.0;;;0.0;2
2023-01-27;0.6486;0.6486;0.76;;;0.0;1
2023-01-28;0.106;0.106;0.0111;;;0.0;3
2023-01-29;0.3132;0.3132;0.0667;;;0.0;3
2023-01-30;0.417;0.417;0.2875;;;0.0;2
2023-01-31;0.3206;0.3024;0.0;;;0.0;3
2023-02-01;0.44;0.4279;0.15;;;0.0;4
2023-02-02;0.5271;0.5147;0.3875;;;0.0;4
2023-02-03;0.0;0.0;0.0;;;0.0;1
2023-02-05;0.201;0.201;0.25;;;0.0;2
2023-02-06;-0.0738;-0.0738;0.3;;;0.0;4
2023-02-07;0.134;0.134;0.1667;;;0.0;3
2023-02-08;0.4374;0.4324;0.1438;;;0.0;4
2023-02-09;0.0613;0.0613;0.2917;;;0.0;3
2023-02-10;0.2498;0.2498;0.0;;;0.0;2
2023-02-11;0.2659;0.2659;0.263;;;0.0;3
2023-02-12;0.1828;0.1828;0.098;;;0.0;3
2023-02-14;0.5223;0.5113;0.2345;;;0.0;5
2023-02-15;0.22;0.22;0.3511;;;0.0;4
2023-02-16;0.4114;0.4114;0.1667;;;0.0;4
2023-02-17;-0.2376;-0.2376;0.2273;;;0.0;2
2023-02-18;0.0;0.0;0.0;;;0.0;1
2023-02-19;0.3136;0.3136;0.0;;;0.0;3
2023-02-20;0.3183;0.3183;0.183;;;0.0;5
2023-02-21;0.4963;0.4963;0.3042;;;0.0;3
2023-02-23;0.0;0.0;0.0;;;0.0;1
2023-02-24;0.2852;0.2852;0.2723;;;0.0;4
2023-02-25;0.2732;0.2732;0.0;;;0.0;1
2023-02-26;-0.3715;-0.3715;0.1726;;;0.0;2
2023-02-27;0.4596;0.4596;0.1427;;;0.0;2
2023-02-28;-0.4096;-0.4096;0.09;;;0.0;2
2023-03-06;0.0;0.0;0.0;;;0.0;1
2023-03-08;-0.2014;-0.2014;0.2;;;0.0;4
2023-03-11;-0.2384;-0.2384;0.2;;;0.0;2
2023-03-12;-0.6486;-0.6486;0.4;;;0.0;1
2023-03-13;0.0;0.0;0.0;;;0.0;1
2023-03-14;-0.4199;-0.4199;0.0;;;0.0;2
2023-03-15;0.3365;0.3365;0.0;;;0.0;1
2023-03-16;0.2616;0.2616;0.19;;;0.0;5
2023-03-17;0.333;0.333;0.1583;;;0.0;3
2023-03-18;0.0;0.0;0.0;;;0.0;1
2023-03-19;0.2986;0.2986;0.2889;;;0.0;2
2023-03-20;0.399;0.399;0.2492;;;0.0;2
2023-03-21;0.03;0.03;0.35;;;0.0;2
2023-03-23;0.0;0.0;0.0;;;0.0;1
2023-03-24;0.1484;0.1484;0.2;;;0.0;3
2023-03-26;0.4334;0.4334;0.2364;;;0.0;2
2023-03-27;-0.2184;-0.2184;0.2333;;;0.0;3
2023-03-28;-0.1846;-0.1846;0.8889;;;0.0;1
2023-03-29;0.2498;0.2498;0.45;;;0.0;2
2023-03-30;0.0;0.0;0.5;;;0.0;1
2023-03-31;0.5545;0.5545;0.3625;;;0.0;4
2023-04-02;0.5318;0.5318;0.5458;;;0.0;3
2023-04-03;0.0316;0.0316;0.2333;;;0.0;3
2023-04-04;-0.9542;-0.9542;0.61;;;0.0;1
2023-04-06;0.0418;0.0418;0.2153;;;0.0;3
2023-04-07;-0.0612;-0.0612;0.0875;;;0.0;4
2023-04-08;0.0;0.0;0.0;;;0.0;1
2023-04-09;-0.2747;-0.2498;0.0;;;0.0;2
2023-04-10;0.3999;0.3999;0.4848;;;0.0;3
2023-04-11;0.0;0.0;0.0;;;0.0;1
2023-04-12;0.7199;0.7199;0.3;;;0.0;1
2023-04-13;0.4019;0.4019;0.15;;;0.0;2
2023-04-14;0.0;0.0;0.0;;;0.0;1
2023-04-15;0.9976;0.9976;0.3917;;;0.0;1
2023-04-16;-0.0886;-0.0886;0.1667;;;0.0;3
2023-04-17;-0.0625;-0.0625;0.2083;;;0.0;3
2023-04-19;0.2924;0.2924;0.1725;;;0.0;2
2023-04-20;0.9966;0.9966;0.3;;;0.0;1
2023-04-21;-0.1494;-0.1494;0.1611;;;0.0;4
2023-04-22;0.0;0.0;0.0;;;0.0;1
2023-04-23;0.374;0.374;0.2117;;;0.0;4
2023-04-25;-0.1083;-0.1083;0.0722;;;0.0;3
2023-04-26;0.4637;0.4637;0.2398;;;0.0;2
2023-04-27;0.1135;0.1135;0.3071;;;0.0;2
2023-04-28;0.4817;0.4817;0.15;;;0.0;2
2023-04-29;0.2679;0.2679;0.3333;;;0.0;3
2023-05-01;0.0;0.0;0.0;;;0.0;1
2023-05-02;-0.0038;-0.0038;0.1778;;;0.0;3
2023-05-03;-0.1838;-0.1838;0.3177;;;0.0;4
2023-05-04;0.5463;0.5463;0.5;;;0.0;1
2023-05-05;0.0;0.0;0.0;;;0.0;2
2023-05-06;0.0;0.0;0.0;;;0.0;1
2023-05-08;-0.5106;-0.5106;0.0;;;0.0;1
2023-05-09;-0.0621;-0.0621;0.3583;;;0.0;3
2023-05-10;0.2637;0.2637;0.1902;;;0.0;4
2023-05-12;0.2941;0.2941;0.2273;;;0.0;2
2023-05-14;0.4208;0.4208;0.0;;;0.0;2
2023-05-15;0.0;0.0;0.0;;;0.0;2
2023-05-16;0.273;0.273;0.0;;;0.0;2
2023-05-17;0.3433;0.3433;0.275;;;0.0;2
2023-05-18;-0.1603;-0.1603;0.4;;;0.0;2
2023-05-19;-0.2538;-0.2538;0.0;;;0.0;3
2023-05-20;0.0;0.0;0.0;;;0.0;1
2023-05-21;-0.7361;-0.7361;0.6573;;;0.0;1
2023-05-22;0.0;0.0;0.0;;;0.0;1
2023-05-23;0.5359;0.5359;0.2333;;;0.0;3
2023-05-24;0.2498;0.2498;0.0;;;0.0;2
2023-05-25;0.0;0.0;0.0;;;0.0;1
2023-05-26;0.0;0.0;0.25;;;0.0;2
2023-05-27;0.1806;0.1806;0.0;;;0.0;2
2023-05-28;0.1497;0.1497;0.3111;;;0.0;3
2023-05-29;0.2559;0.2559;0.2148;;;0.0;3
2023-05-31;0.1012;0.1012;0.0;;;0.0;2
2023-06-01;-0.0567;-0.0392;0.35;;;0.0;3
2023-06-02;0.5;0.471;0.0;;;0.0;2
2023-06-03;0.5461;0.5461;0.2083;;;0.0;1
2023-06-04;0.2498;0.2498;0.0;;;0.0;2
2023-06-05;0.0;0.0;0.0;;;0.0;1
2023-06-06;-0.0903;-0.0903;0.3333;;;0.0;3
2023-06-07;-0.0011;-0.0011;0.3702;;;0.0;4
2023-06-08;0.273;0.273;0.0;;;0.0;2
2023-06-10;0.3316;0.3316;0.0;;;0.0;2
2023-06-11;-0.8979;-0.8979;0.0;;;0.0;1
2023-06-12;0.0;0.0;0.0;;;0.0;1
2023-06-13;0.0;0.0;0.0;;;0.0;1
2023-06-14;0.0841;0.1018;0.1591;;;0.0;3
2023-06-15;-0.0256;-0.0256;0.0729;;;0.0;4
2023-06-16;0.0;0.0;0.0;;;0.0;1
2023-06-17;-0.1858;-0.1858;0.1111;;;0.0;3
2023-06-18;0.2498;0.2498;0.0;;;0.0;2
2023-06-19;0.333;0.333;0.0333;;;0.0;3
2023-06-20;-0.5719;-0.5719;0.3773;;;0.0;1
2023-06-21;0.0;0.0;0.0;;;0.0;1
2023-06-22;0.2498;0.2498;0.0;;;0.0;2
2023-06-23;0.9646;0.9646;0.6;;;0.0;1
2023-06-24;0.3204;0.3204;0.1875;;;0.0;2
2023-06-25;0.0;0.0;0.0;;;0.0;1
2023-06-26;0.4605;0.4605;0.1;;;0.0;3
2023-06-27;0.3024;0.3024;0.0;;;0.0;3
2023-06-28;0.0;0.0;0.0;;;0.0;1
2023-06-29;0.22;0.1925;0.0352;;;0.0;3
2023-07-01;0.2498;0.2498;0.0469;1120.0;981.6667;2945.0;4
2023-07-03;0.3828;0.3828;0.1838;145.0;237.2857;1661.0;8
2023-07-04;0.0;0.0;0.0;;;0.0;1
2023-07-05;0.3028;0.2904;0.0;;;0.0;4
2023-07-06;0.4008;0.4008;0.2727;59.0;59.0;118.0;2
2023-07-07;0.5089;0.5089;0.6125;;;0.0;2
2023-07-08;0.3919;0.3919;0.1688;927.0;1394.0;4182.0;4
2023-07-11;0.4095;0.4095;0.0595;43.0;165.0;990.0;6
2023-07-12;0.0;0.0;0.0;;;0.0;1
2023-07-13;0.1437;0.1437;0.0938;819.0;819.0;1638.0;4
2023-07-14;-0.0386;-0.0386;0.1875;;;0.0;2
2023-07-15;0.358;0.358;0.0;;;0.0;2
2023-07-16;-0.064;-0.064;0.0;;;0.0;2
2023-07-17;0.0;0.0;0.0;;;0.0;1
2023-07-19;-0.0821;-0.0821;0.4125;;;0.0;4
2023-07-20;-0.4767;-0.4767;0.0;;;0.0;1
2023-07-21;0.093;0.093;0.0;;;0.0;2
2023-07-22;0.5849;0.5849;0.1349;;;0.0;3
2023-07-24;0.4307;0.4307;0.2139;;;0.0;3
2023-07-25;-0.1319;-0.1319;0.0991;4260.0;4260.0;4260.0;3
2023-07-26;0.0;0.0;0.0;;;0.0;1
2023-07-27;0.0129;0.0129;0.25;;;0.0;2
2023-07-28;-0.398;-0.398;0.1875;32.0;32.0;32.0;2
2023-07-29;0.0;0.0;0.0;26.0;26.0;26.0;1
2023-07-31;0.0;0.0;0.5;19.0;19.0;19.0;2
2023-08-12;0.0;0.0;0.0;20.0;20.0;20.0;1
2023-08-17;0.81;0.81;0.2;3431.0;3431.0;3431.0;1
2023-08-20;0.0;0.0;0.0;45.0;45.0;45.0;1
2023-08-26;0.0;0.0;0.0;33.0;33.0;33.0;1
2023-09-02;0.0;0.0;0.0;35.0;35.0;35.0;1
2023-09-09;0.0;0.0;0.0;38.0;38.0;38.0;1
2023-09-10;0.5399;0.5399;0.9;1911.0;1911.0;1911.0;1
2023-09-16;0.0;0.0;0.0;39.0;39.0;39.0;1
2023-09-23;0.0;0.0;0.0;20.0;20.0;20.0;1
2023-09-27;-0.6075;-0.5523;0.5667;2209.0;2209.0;2209.0;1
2023-09-28;0.0;0.0;0.0;;;0.0;1
2023-09-30;0.0;0.0;0.0;15.0;15.0;15.0;1
2023-10-07;0.105;0.105;0.1786;41.0;1222.6667;3668.0;3
2023-11-12;0.0;0.0;0.0;;;0.0;1
2023-12-12;-0.6486;-0.6486;0.0;998.0;998.0;998.0;1
2023-12-19;0.4364;0.4364;0.3;664.0;664.0;664.0;1
2024-01-31;0.0;0.0;0.0;928.0;928.0;928.0;1
2024-02-21;-0.7184;-0.7184;0.36;7968.0;7968.0;7968.0;1
2024-05-11;-0.7003;-0.7003;0.0;514.0;514.0;514.0;1
2024-05-13;0.0;0.0;0.0;20428.0;20428.0;20428.0;1
2024-06-03;0.7555;0.7555;0.0;36809.0;36809.0;36809.0;1
2024-06-07;0.7555;0.7555;0.0;63424.0;63424.0;126848.0;2
2024-06-12;0.0;0.0;0.2273;5435.5;5435.5;10871.0;2
2024-06-13;0.2498;0.2498;0.125;32.5;32.5;65.0;2
2024-06-19;-0.7184;-0.7184;0.76;5533.0;5533.0;5533.0;1
2024-06-28;0.4995;0.4995;0.1167;5020.0;5020.0;5020.0;1
2024-07-01;0.0392;0.0387;0.1286;3626.0;4140.7143;28985.0;7
2024-07-05;0.1694;0.1694;0.35;1234.0;1274.6667;7648.0;6
2024-07-10;0.6633;0.6633;0.75;7680.0;7680.0;7680.0;1
2024-07-16;0.3372;0.3372;0.094;113.0;152.1429;1065.0;7
2024-08-03;0.5752;0.5471;0.3924;10.0;135.6667;407.0;3
2024-08-07;0.2263;0.2263;0.0;4312.0;4312.0;4312.0;1
2024-08-25;0.281;0.281;0.4357;270.0;761.2;3806.0;5
2024-08-28;0.4836;0.4836;0.1216;49.0;161.7778;1456.0;9
2024-09-03;0.6289;0.6289;0.95;1099.0;1099.0;1099.0;1
2024-09-05;-0.8442;-0.8442;0.4048;1627.0;1627.0;1627.0;1
2024-09-06;0.4571;0.4571;0.393;94.0;134.4;672.0;5
2024-09-10;0.388;0.3662;0.0833;191.5;274.5;1647.0;6
2024-09-14;0.1363;0.1363;0.0222;1056.0;1056.0;1056.0;1
2024-09-15;0.2296;0.2296;0.0367;66.0;79.2;396.0;5
2024-09-24;0.611;0.611;0.2778;631.0;1336.3333;4009.0;3
2024-09-27;0.4624;0.4624;0.3008;170.0;211.7143;1482.0;7
2024-09-30;0.5309;0.5309;0.3562;833.5;832.8333;4997.0;6
2024-10-02;0.0693;0.0693;0.106;91.0;112.5714;788.0;7
2024-11-08;0.4534;0.4534;0.1833;28.0;62.6667;188.0;3
2024-11-09;0.0;0.0;0.4;212.0;212.0;212.0;1
2024-11-10;0.799;0.799;0.1556;1781.0;1781.0;3562.0;2
2024-11-11;0.3674;0.3674;0.06;144.0;668.0;3340.0;5
2024-11-12;0.2713;0.2637;0.1292;787.0;1270.9;12709.0;10
2024-11-13;0.4043;0.4043;0.2035;517.5;772.0;4632.0;6
2024-11-14;0.5699;0.5699;0.2095;75.0;381.1429;2668.0;7
2024-11-15;0.5562;0.5418;0.1181;1463.5;1293.8333;7763.0;6
2024-11-16;-0.0339;-0.0339;0.2963;165.0;600.5556;5405.0;9
2024-11-17;-0.3612;-0.3612;0.0;61.0;61.0;61.0;1
2024-11-18;0.4017;0.4017;0.1759;450.0;850.5;5103.0;6
2024-11-19;0.3326;0.3326;0.0794;774.0;967.4286;6772.0;7
2024-11-20;0.3316;0.3316;0.275;1522.5;1522.5;3045.0;2
2024-11-21;0.2317;0.2234;0.2278;388.5;796.1667;4777.0;6
2024-11-22;0.4962;0.4962;0.3272;376.5;806.5;8065.0;10
2024-11-23;-0.28;-0.28;0.35;282.0;236.6667;710.0;3
2024-11-24;0.4858;0.4858;0.3422;48.0;128.6;643.0;5
2024-11-25;0.5393;0.5393;0.02;78.0;145.8;729.0;5
2024-11-26;0.5628;0.5628;0.1309;85.5;130.5;1305.0;10
2024-11-27;0.3375;0.3149;0.0;203.5;384.5;1538.0;4
2024-11-28;0.5889;0.5889;0.2854;234.5;419.0;1676.0;4
2024-11-29;0.3733;0.357;0.11;1190.0;1834.6;9173.0;5
2024-12-01;0.153;0.153;0.352;453.0;1942.6;9713.0;5
2024-12-02;0.5639;0.5639;0.125;1785.5;1785.5;3571.0;2
2024-12-03;0.4349;0.4349;0.2714;135.0;350.6923;4559.0;13
2024-12-06;-0.2214;-0.2123;0.4431;878.0;1237.6667;7426.0;6
2024-12-07;0.3164;0.3164;0.1241;129.0;161.1538;2095.0;13
2024-12-08;0.3006;0.2945;0.2095;196.0;502.8182;5531.0;11
2024-12-09;0.1707;0.1594;0.1518;424.0;461.0;3227.0;7
2024-12-10;-0.0117;-0.0117;0.3057;1524.0;1672.5;6690.0;4
2024-12-11;0.4636;0.4636;0.2958;430.5;430.5;861.0;2
2024-12-12;0.251;0.251;0.1563;152.0;1372.2857;9606.0;7
2024-12-13;0.4482;0.4482;0.3753;198.0;162.4286;1137.0;7
2024-12-15;0.4209;0.3929;0.0;51.0;173.0;519.0;3
2024-12-16;0.147;0.147;0.1;261.5;353.125;2825.0;8
2024-12-17;0.4518;0.4496;0.373;594.0;579.5714;4057.0;7
2024-12-22;0.107;0.107;0.325;234.0;422.0;2110.0;5
2025-01-02;0.2498;0.2498;0.55;886.0;1035.25;4141.0;4
2025-01-12;-0.0174;-0.0174;0.4294;470.0;595.0;2975.0;5
2025-01-13;0.5456;0.5456;0.2952;116.0;101.2857;709.0;7
2025-01-14;-0.1693;-0.1693;0.12;656.0;726.4;3632.0;5
2025-01-16;-0.0255;-0.0255;0.1054;1466.5;2077.8333;12467.0;6
2025-01-17;0.4213;0.4213;0.4062;628.0;876.5;3506.0;4
2025-01-23;0.3216;0.3123;0.0;521.0;566.7778;5101.0;9
2025-02-06;0.372;0.372;0.2313;927.5;1987.5;7950.0;4
2025-02-07;-0.0367;-0.0367;0.5279;1825.0;1849.3333;5548.0;3
2025-02-11;0.7075;0.695;0.3506;2256.0;3416.25;13665.0;4
2025-02-19;0.4088;0.4088;0.0;558.0;558.0;1116.0;2
2025-02-20;0.2359;0.2359;0.1667;275.0;714.6667;2144.0;3
2025-02-21;0.2328;0.2328;0.1838;242.5;690.1;6901.0;10
2025-02-24;0.1608;0.1685;0.5333;440.5;889.0;5334.0;6
2025-02-27;0.4995;0.4995;0.0;702.0;702.0;702.0;1
2025-02-28;0.2018;0.2018;0.2441;299.0;405.25;1621.0;4
2025-03-02;0.1367;0.1367;0.25;307.0;394.75;3158.0;8
2025-03-03;0.3089;0.3089;0.3032;162.0;302.1538;3928.0;13
2025-03-06;0.2786;0.2786;0.5636;576.0;576.0;1152.0;2
2025-03-07;0.1032;0.1032;0.15;53.0;412.8;2064.0;5
2025-03-08;0.3964;0.3785;0.4015;2880.5;2500.5;10002.0;4
2025-03-10;0.3496;0.333;0.0;3092.0;2542.3333;7627.0;3
2025-03-11;0.2011;0.2011;0.2444;408.5;827.5;4965.0;6
2025-03-12;0.0916;0.0916;0.0629;1088.0;894.6;4473.0;5
2025-03-13;0.3362;0.3362;0.4125;1584.0;1613.25;6453.0;4
2025-03-18;-0.1204;-0.1204;0.0;284.0;205.3333;616.0;3
2025-03-19;0.4192;0.4153;0.1769;370.0;536.1538;6970.0;13
2025-03-20;-0.566;-0.566;0.194;4031.0;4031.0;8062.0;2
2025-03-21;0.5305;0.5259;0.1929;155.0;594.5455;6540.0;11
2025-03-22;0.9227;0.8388;0.0;2635.0;2635.0;2635.0;1
2025-03-23;0.3485;0.3485;0.0758;68.0;619.3333;1858.0;3
2025-03-24;0.198;0.198;0.1143;291.0;890.8571;6236.0;7
