Date;Price;Volume
2020-01-02;1.58;17814400
2020-01-03;1.47;14175600
2020-01-06;1.46;13579200
2020-01-07;1.38;20912000
2020-01-08;1.43;22517600
2020-01-09;1.39;10572000
2020-01-10;1.36;11125600
2020-01-13;1.36;14500800
2020-01-14;1.18;50247600
2020-01-15;1.15;19924400
2020-01-16;1.15;17148400
2020-01-17;1.19;16078000
2020-01-21;1.15;14128400
2020-01-22;1.14;10510000
2020-01-23;1.15;7520800
2020-01-24;1.08;16654400
2020-01-27;1.07;8490000
2020-01-28;1.05;8579600
2020-01-29;1.03;6210400
2020-01-30;0.98;12026000
2020-01-31;0.96;11566800
2020-02-03;0.99;8102400
2020-02-04;1.02;14252400
2020-02-05;1.04;10566800
2020-02-06;1.03;6041200
2020-02-07;0.95;10969200
2020-02-10;0.99;11108000
2020-02-11;1.0;13660000
2020-02-12;1.05;19282400
2020-02-13;1.03;8326800
2020-02-14;1.0;6330800
2020-02-18;1.01;5870400
2020-02-19;1.04;10372400
2020-02-20;1.03;6249200
2020-02-21;1.01;6782800
2020-02-24;0.93;14265200
2020-02-25;0.89;17791600
2020-02-26;0.85;18899200
2020-02-27;0.87;15518000
2020-02-28;0.9;18768800
2020-03-02;0.96;12833600
2020-03-03;0.91;17130000
2020-03-04;0.94;17030400
2020-03-05;0.99;14397600
2020-03-06;0.98;8387200
2020-03-09;0.93;10928000
2020-03-10;1.06;19452800
2020-03-11;1.03;17656400
2020-03-12;1.0;20493600
2020-03-13;1.15;23148800
2020-03-16;1.09;19466800
2020-03-17;1.06;14248800
2020-03-18;0.94;14606800
2020-03-19;1.05;20158000
2020-03-20;0.94;30888800
2020-03-23;0.95;24039200
2020-03-24;1.04;27222400
2020-03-25;1.04;14368400
2020-03-26;1.1;24742800
2020-03-27;1.05;28099200
2020-03-30;0.91;13402400
2020-03-31;0.88;9203600
2020-04-01;0.81;18274800
2020-04-02;0.71;16257200
2020-04-03;0.7;15321600
2020-04-06;0.77;13362000
2020-04-07;0.82;11347600
2020-04-08;0.85;11538000
2020-04-09;0.97;23634400
2020-04-13;1.18;27378000
2020-04-14;1.49;54026400
2020-04-15;1.32;29999600
2020-04-16;1.26;13487600
2020-04-17;1.22;22612800
2020-04-20;1.4;24340000
2020-04-21;1.2;16568400
2020-04-22;1.22;10711200
2020-04-23;1.17;9063600
2020-04-24;1.19;8944800
2020-04-27;1.46;29100400
2020-04-28;1.41;20800800
2020-04-29;1.51;13478400
2020-04-30;1.43;8693200
2020-05-01;1.51;16022400
2020-05-04;1.37;16272400
2020-05-05;1.35;8423600
2020-05-06;1.23;13478400
2020-05-07;1.22;10003200
2020-05-08;1.25;9410400
2020-05-11;1.19;6796800
2020-05-12;1.13;10556800
2020-05-13;1.05;11531600
2020-05-14;1.03;8019600
2020-05-15;1.05;7762400
2020-05-18;1.14;9456800
2020-05-19;1.11;7362800
2020-05-20;1.11;10174400
2020-05-21;1.11;7887600
2020-05-22;1.04;9519600
2020-05-26;1.11;14182800
2020-05-27;1.17;12586400
2020-05-28;1.08;8735600
2020-05-29;1.01;15846800
2020-06-01;1.03;10446400
2020-06-02;1.04;9477600
2020-06-03;1.11;12149600
2020-06-04;1.12;14057200
2020-06-05;1.03;25097600
2020-06-08;1.25;40534800
2020-06-09;1.24;32293600
2020-06-10;1.27;42425600
2020-06-11;1.09;24944000
2020-06-12;1.18;17512800
2020-06-15;1.17;15636000
2020-06-16;1.16;12485200
2020-06-17;1.19;14374000
2020-06-18;1.24;13695200
2020-06-19;1.22;29466400
2020-06-22;1.22;12715600
2020-06-23;1.21;12821600
2020-06-24;1.1;11904800
2020-06-25;1.12;9803200
2020-06-26;1.09;15204800
2020-06-29;1.1;8524800
2020-06-30;1.09;15556000
2020-07-01;1.11;9214800
2020-07-02;1.07;7550400
2020-07-06;1.06;8563600
2020-07-07;1.02;9826400
2020-07-08;1.07;8211200
2020-07-09;1.05;7970400
2020-07-10;1.09;5643200
2020-07-13;1.07;16864800
2020-07-14;1.02;9046400
2020-07-15;1.05;5896400
2020-07-16;1.04;5320400
2020-07-17;0.99;12263600
2020-07-20;0.96;13604400
2020-07-21;1.0;13351600
2020-07-22;1.03;10094000
2020-07-23;1.03;12948800
2020-07-24;1.01;8863600
2020-07-27;1.0;9890800
2020-07-28;0.99;18221600
2020-07-29;1.01;11518400
2020-07-30;1.02;9594000
2020-07-31;1.0;7517600
2020-08-03;1.04;10070400
2020-08-04;1.11;41445600
2020-08-05;1.16;19677200
2020-08-06;1.11;7604800
2020-08-07;1.04;13364400
2020-08-10;1.08;18247200
2020-08-11;1.09;12555200
2020-08-12;1.13;12230400
2020-08-13;1.16;8513200
2020-08-14;1.19;13897600
2020-08-17;1.16;9484000
2020-08-18;1.2;15337600
2020-08-19;1.18;10450400
2020-08-20;1.15;9764800
2020-08-21;1.26;42570400
2020-08-24;1.22;18341600
2020-08-25;1.25;11994800
2020-08-26;1.28;11118800
2020-08-27;1.31;13537600
2020-08-28;1.35;16947600
2020-08-31;1.67;151904000
2020-09-01;1.91;92634400
2020-09-02;1.93;52044400
2020-09-03;1.96;57378000
2020-09-04;1.91;30648000
2020-09-08;1.92;39266400
2020-09-09;1.84;36272400
2020-09-10;1.56;62233200
2020-09-11;1.52;24244800
2020-09-14;1.73;40476000
2020-09-15;1.77;22974000
2020-09-16;2.17;77025200
2020-09-17;2.3;68106800
2020-09-18;2.37;69630000
2020-09-21;2.19;30559200
2020-09-22;2.64;139010000
2020-09-23;2.51;42604800
2020-09-24;2.29;31755200
2020-09-25;2.51;30060800
2020-09-28;2.52;27057200
2020-09-29;2.59;20950400
2020-09-30;2.55;24316000
2020-10-01;2.44;18216400
2020-10-02;2.35;17362000
2020-10-05;2.37;11220000
2020-10-06;2.28;18141600
2020-10-07;2.34;13234400
2020-10-08;3.37;305814400
2020-10-09;3.01;308611200
2020-10-12;2.95;94622800
2020-10-13;2.97;40718800
2020-10-14;3.06;43045600
2020-10-15;3.46;159579200
2020-10-16;3.33;46606400
2020-10-19;3.48;52676400
2020-10-20;3.46;26416000
2020-10-21;3.53;21447600
2020-10-22;3.73;64848800
2020-10-23;3.75;26029200
2020-10-26;3.36;53505200
2020-10-27;3.17;28924000
2020-10-28;2.95;25554400
2020-10-29;2.93;16663200
2020-10-30;2.62;46187600
2020-11-02;2.69;20908000
2020-11-03;2.89;29818000
2020-11-04;2.73;23231600
2020-11-05;2.86;18820800
2020-11-06;2.96;22072800
2020-11-09;2.87;24979600
2020-11-10;2.78;15304000
2020-11-11;2.94;19530400
2020-11-12;2.78;17413200
2020-11-13;2.75;14143600
2020-11-16;3.02;39099200
2020-11-17;2.91;26712800
2020-11-18;2.89;12676800
2020-11-19;3.12;47150400
2020-11-20;3.18;33581600
2020-11-23;3.47;38396400
2020-11-24;3.42;28732800
2020-11-25;3.69;35440400
2020-11-27;4.02;50016800
2020-11-30;4.14;127934000
2020-12-01;3.95;50615600
2020-12-02;4.14;31533600
2020-12-03;4.03;25180000
2020-12-04;4.22;35890800
2020-12-07;4.09;29545200
2020-12-08;4.24;64480800
2020-12-09;3.41;97431600
2020-12-10;3.53;30235600
2020-12-11;3.33;29987600
2020-12-14;3.18;40028400
2020-12-15;3.46;32759200
2020-12-16;3.46;23460400
2020-12-17;3.71;32779600
2020-12-18;3.91;66475200
2020-12-21;3.88;39504400
2020-12-22;4.86;122610800
2020-12-23;5.14;103321200
2020-12-24;5.04;25048800
2020-12-28;5.25;35863600
2020-12-29;4.84;36965600
2020-12-30;4.82;23737600
2020-12-31;4.71;27690800
2021-01-04;4.31;40090000
2021-01-05;4.34;19846000
2021-01-06;4.59;24224800
2021-01-07;4.52;24517200
2021-01-08;4.42;25928000
2021-01-11;4.99;59632000
2021-01-12;4.99;28242800
2021-01-13;7.85;578006800
2021-01-14;9.98;374869600
2021-01-15;8.88;187465600
2021-01-19;9.84;298887600
2021-01-20;9.78;133887200
2021-01-21;10.76;224867600
2021-01-22;16.25;788631600
2021-01-25;19.2;711496000
2021-01-26;36.99;714352000
2021-01-27;86.88;373586800
2021-01-28;48.4;235263200
2021-01-29;81.25;202264400
2021-02-01;56.25;149528800
2021-02-02;22.5;312732400
2021-02-03;23.1;170794000
2021-02-04;13.38;249709200
2021-02-05;15.94;325380000
2021-02-08;15.0;102749200
2021-02-09;12.58;107372400
2021-02-10;12.8;145820000
2021-02-11;12.77;52226800
2021-02-12;13.1;58293200
2021-02-16;12.38;32700000
2021-02-17;11.48;36747200
2021-02-18;10.17;95962400
2021-02-19;10.15;59312800
2021-02-22;11.5;77904000
2021-02-23;11.24;30260800
2021-02-24;22.93;332446800
2021-02-25;27.18;601235200
2021-02-26;25.43;368776800
2021-03-01;30.1;199176000
2021-03-02;29.55;135132000
2021-03-03;31.05;77095600
2021-03-04;33.09;130427600
2021-03-05;34.44;122934800
2021-03-08;48.63;254262400
2021-03-09;61.72;156397200
2021-03-10;66.25;286282400
2021-03-11;65.0;113250000
2021-03-12;66.13;103383600
2021-03-15;55.03;96401600
2021-03-16;52.04;141691600
2021-03-17;52.45;65926400
2021-03-18;50.44;47059600
2021-03-19;50.07;98709200
2021-03-22;48.62;40246000
2021-03-23;45.44;57716400
2021-03-24;30.08;96711600
2021-03-25;45.94;203849200
2021-03-26;45.25;149722800
2021-03-29;45.33;40168800
2021-03-30;48.62;68379600
2021-03-31;47.46;33575200
2021-04-01;47.86;37337200
2021-04-05;46.74;56282000
2021-04-06;46.13;24873200
2021-04-07;44.49;19073200
2021-04-08;42.56;40189600
2021-04-09;39.59;37849600
2021-04-12;35.27;66734400
2021-04-13;35.25;27227600
2021-04-14;41.63;84552400
2021-04-15;39.11;31427200
2021-04-16;38.67;20858800
2021-04-19;41.09;42080800
2021-04-20;39.63;18634400
2021-04-21;39.63;15251200
2021-04-22;37.79;17383200
2021-04-23;37.79;16116400
2021-04-26;42.23;42128400
2021-04-27;44.44;35730800
2021-04-28;44.65;23155600
2021-04-29;44.05;15041200
2021-04-30;43.4;17734400
2021-05-03;40.55;21044000
2021-05-04;40.18;16030000
2021-05-05;39.87;11221600
2021-05-06;40.25;11771200
2021-05-07;40.28;11738400
2021-05-10;35.81;19226800
2021-05-11;36.73;18738400
2021-05-12;36.2;10926000
2021-05-13;41.13;35494000
2021-05-14;39.98;17174000
2021-05-17;45.15;29848400
2021-05-18;45.17;30954800
2021-05-19;42.21;19303600
2021-05-20;42.62;9912800
2021-05-21;44.2;14618800
2021-05-24;45.0;18657200
2021-05-25;52.36;59550000
2021-05-26;60.64;84479600
2021-05-27;63.53;62105200
2021-05-28;55.5;47005600
2021-06-01;62.26;38502400
2021-06-02;70.56;64076800
2021-06-03;64.54;32000000
2021-06-04;62.09;14550000
2021-06-07;70.0;24206000
2021-06-08;75.0;69756400
2021-06-09;75.64;53717200
2021-06-10;55.1;91920800
2021-06-11;58.33;62323200
2021-06-14;57.36;28530400
2021-06-15;55.63;29207600
2021-06-16;55.74;22259200
2021-06-17;55.9;18434400
2021-06-18;53.46;17281200
2021-06-21;50.09;20480800
2021-06-22;55.1;32800800
2021-06-23;54.83;14220400
2021-06-24;53.08;15453200
2021-06-25;52.38;50770800
2021-06-28;53.31;19517600
2021-06-29;52.72;9920000
2021-06-30;53.53;10158400
2021-07-01;51.09;10968400
2021-07-02;50.71;10396400
2021-07-06;49.89;11072400
2021-07-07;47.67;16958000
2021-07-08;47.85;11430000
2021-07-09;47.81;6331600
2021-07-12;47.31;6545200
2021-07-13;45.01;9591600
2021-07-14;41.9;15655200
2021-07-15;41.71;17194400
2021-07-16;42.26;13151600
2021-07-19;43.37;9747600
2021-07-20;47.79;12404400
2021-07-21;46.45;8916800
2021-07-22;44.71;5652000
2021-07-23;45.09;5264800
2021-07-26;45.99;5042400
2021-07-27;44.63;4859200
2021-07-28;42.28;16403200
2021-07-29;41.22;8960000
2021-07-30;40.28;9508400
2021-08-02;39.41;10131600
2021-08-03;38.19;57802400
2021-08-04;36.7;9574000
2021-08-05;38.36;9648400
2021-08-06;37.94;5410800
2021-08-09;40.28;8996800
2021-08-10;39.76;6493200
2021-08-11;39.69;3781600
2021-08-12;40.59;5271200
2021-08-13;40.63;4059200
2021-08-16;40.98;6290400
2021-08-17;40.89;4863600
2021-08-18;39.26;5647200
2021-08-19;38.22;4786000
2021-08-20;39.83;4619600
2021-08-23;41.22;5372000
2021-08-24;52.57;58608800
2021-08-25;49.91;51444400
2021-08-26;51.31;24954400
2021-08-27;51.24;12923200
2021-08-30;52.3;13238400
2021-08-31;54.56;14298800
2021-09-01;53.24;17815200
2021-09-02;53.38;7408000
2021-09-03;50.69;10634400
2021-09-07;49.75;9985200
2021-09-08;49.7;20694400
2021-09-09;49.79;30046000
2021-09-10;47.6;12170400
2021-09-13;50.85;17336400
2021-09-14;49.81;8566400
2021-09-15;51.13;9241600
2021-09-16;51.59;12232800
2021-09-17;51.24;15783600
2021-09-20;48.05;15767200
2021-09-21;47.49;10535200
2021-09-22;47.53;9026400
2021-09-23;47.81;6729200
2021-09-24;46.29;6743200
2021-09-27;47.37;5880400
2021-09-28;44.65;7082000
2021-09-29;43.98;7599600
2021-09-30;43.87;12682800
2021-10-01;44.23;6204400
2021-10-04;42.84;4782800
2021-10-05;43.04;5263600
2021-10-06;42.77;4801200
2021-10-07;43.03;4637200
2021-10-08;43.17;3272800
2021-10-11;44.53;10739600
2021-10-12;43.96;4934800
2021-10-13;46.01;7711600
2021-10-14;45.96;6695600
2021-10-15;45.82;4800000
2021-10-18;46.51;6358400
2021-10-19;46.7;8282400
2021-10-20;46.13;9107600
2021-10-21;45.43;9609600
2021-10-22;42.45;11201600
2021-10-25;43.49;5771200
2021-10-26;44.46;8706800
2021-10-27;43.38;4428000
2021-10-28;45.71;6784800
2021-10-29;45.88;9176000
2021-11-01;50.02;19776800
2021-11-02;51.75;15529200
2021-11-03;54.58;45062400
2021-11-04;54.46;11632000
2021-11-05;53.31;7242800
2021-11-08;54.66;8631600
2021-11-09;51.65;7381200
2021-11-10;49.8;5237600
2021-11-11;51.08;4317600
2021-11-12;50.53;3712000
2021-11-15;52.28;5865600
2021-11-16;51.79;4858400
2021-11-17;52.5;5410800
2021-11-18;52.53;4017600
2021-11-19;57.2;12136800
2021-11-22;61.89;17485600
2021-11-23;53.47;13380800
2021-11-24;52.94;5237600
2021-11-26;49.93;4941200
2021-11-29;50.5;4435200
2021-11-30;49.05;6895600
2021-12-01;44.96;9406000
2021-12-02;45.39;8348400
2021-12-03;43.1;16386800
2021-12-06;41.78;8914400
2021-12-07;44.45;7889600
2021-12-08;43.41;10444800
2021-12-09;38.94;20337200
2021-12-10;39.75;18107600
2021-12-13;34.22;21944800
2021-12-14;36.92;26048400
2021-12-15;37.15;11064000
2021-12-16;36.15;8659200
2021-12-17;38.91;17226800
2021-12-20;39.28;7314400
2021-12-21;39.53;5720800
2021-12-22;38.5;4188800
2021-12-23;38.03;4222000
2021-12-27;37.08;6454400
2021-12-28;36.62;5324400
2021-12-29;38.48;8149600
2021-12-30;38.83;6247600
2021-12-31;37.1;5576000
2022-01-03;38.21;5654800
2022-01-04;37.23;7339600
2022-01-05;32.34;13585600
2022-01-06;32.76;24206000
2022-01-07;35.15;48549200
2022-01-10;32.79;22048000
2022-01-11;32.58;10332400
2022-01-12;32.01;6298000
2022-01-13;30.62;8901200
2022-01-14;29.16;15402000
2022-01-18;27.23;15022400
2022-01-19;26.64;9614400
2022-01-20;25.67;11680400
2022-01-21;26.59;22120000
2022-01-24;25.04;25039600
2022-01-25;24.95;14297200
2022-01-26;25.82;33330000
2022-01-27;23.38;14644400
2022-01-28;24.48;16430400
2022-01-31;27.23;13997200
2022-02-01;28.15;13847600
2022-02-02;25.01;13116400
2022-02-03;24.81;10710000
2022-02-04;25.58;7627200
2022-02-07;25.58;7037600
2022-02-08;28.9;19839600
2022-02-09;31.07;15467600
2022-02-10;30.62;14826000
2022-02-11;31.06;11299200
2022-02-14;29.27;9102800
2022-02-15;31.54;7911600
2022-02-16;32.08;8007600
2022-02-17;30.85;6256400
2022-02-18;30.38;6214000
2022-02-22;29.51;6156400
2022-02-23;28.72;5393200
2022-02-24;31.15;9024800
2022-02-25;29.65;6841200
2022-02-28;30.83;6458000
2022-03-01;29.75;4384000
2022-03-02;30.49;5242800
2022-03-03;29.6;4382400
2022-03-04;27.92;5911200
2022-03-07;24.84;12591600
2022-03-08;25.75;8536000
2022-03-09;26.3;5598400
2022-03-10;25.14;5582000
2022-03-11;23.17;8822000
2022-03-14;19.53;18134400
2022-03-15;20.66;14115200
2022-03-16;21.72;10615600
2022-03-17;21.92;13796400
2022-03-18;22.7;35688400
2022-03-21;23.55;15812400
2022-03-22;30.78;60068800
2022-03-23;35.25;98399200
2022-03-24;35.6;36400800
2022-03-25;37.99;53535600
2022-03-28;47.4;65266000
2022-03-29;44.97;72046000
2022-03-30;41.71;36676800
2022-03-31;41.65;44968800
2022-04-01;41.25;52758400
2022-04-04;42.68;18519200
2022-04-05;38.4;15825200
2022-04-06;39.16;16268000
2022-04-07;37.5;15311200
2022-04-08;36.55;10371600
2022-04-11;36.73;9812000
2022-04-12;36.22;7996400
2022-04-13;37.67;8032800
2022-04-14;37.69;10002400
2022-04-18;35.37;9871200
2022-04-19;38.12;9416800
2022-04-20;37.21;4648000
2022-04-21;35.39;6737600
2022-04-22;34.56;6278400
2022-04-25;33.99;6139200
2022-04-26;31.9;6182800
2022-04-27;32.46;5223600
2022-04-28;32.33;7070000
2022-04-29;31.27;5143600
2022-05-02;29.89;10172000
2022-05-03;30.11;7312800
2022-05-04;31.77;6651200
2022-05-05;29.78;7015600
2022-05-06;28.67;7161600
2022-05-09;24.7;13264800
2022-05-10;23.38;16603200
2022-05-11;20.33;16681200
2022-05-12;22.39;40139600
2022-05-13;24.6;23930800
2022-05-16;22.95;11582000
2022-05-17;25.09;10444800
2022-05-18;22.87;11560000
2022-05-19;24.8;12720400
2022-05-20;23.92;9972000
2022-05-23;24.03;6994000
2022-05-24;22.29;8879600
2022-05-25;28.79;40060000
2022-05-26;32.12;57892400
2022-05-27;34.3;30045200
2022-05-31;31.18;19084400
2022-06-01;30.35;14991600
2022-06-02;33.5;27918800
2022-06-03;33.42;18234400
2022-06-06;32.03;9532800
2022-06-07;36.63;24967600
2022-06-08;34.68;24473600
2022-06-09;32.24;13114400
2022-06-10;32.27;11820000
2022-06-13;29.56;13792800
2022-06-14;31.54;12739200
2022-06-15;32.32;10764400
2022-06-16;31.43;9995200
2022-06-17;33.78;12340800
2022-06-21;35.07;12512400
2022-06-22;34.62;7838000
2022-06-23;35.51;6682800
2022-06-24;33.8;16995600
2022-06-27;32.42;9745600
2022-06-28;31.09;6610000
2022-06-29;30.72;6826400
2022-06-30;30.58;6718800
2022-07-01;30.85;6617200
2022-07-05;30.06;6036000
2022-07-06;29.36;9988800
2022-07-07;33.78;30313600
2022-07-08;32.13;13199600
2022-07-11;32.52;7532800
2022-07-12;34.28;16899600
2022-07-13;35.32;13703600
2022-07-14;34.05;20970400
2022-07-15;35.41;9832400
2022-07-18;36.66;11155200
2022-07-19;37.92;12828000
2022-07-20;39.69;11400400
2022-07-21;38.37;9277600
2022-07-22;35.78;10060200
2022-07-25;33.98;5686300
2022-07-26;32.43;4866100
2022-07-27;33.78;4251200
2022-07-28;33.84;3207400
2022-07-29;34.01;3988800
2022-08-01;34.78;4196600
2022-08-02;35.84;4697100
2022-08-03;37.93;5186500
2022-08-04;38.36;5421500
2022-08-05;40.02;8124200
2022-08-08;43.45;17987100
2022-08-09;40.37;6954200
2022-08-10;40.53;5434700
2022-08-11;39.45;5140500
2022-08-12;40.74;5120000
2022-08-15;39.68;5243100
2022-08-16;42.19;23602800
2022-08-17;40.52;9766400
2022-08-18;37.93;8145400
2022-08-19;36.49;9551900
2022-08-22;34.5;5798600
2022-08-23;33.53;4836300
2022-08-24;32.5;5620300
2022-08-25;31.96;4726300
2022-08-26;30.94;4297300
2022-08-29;31.55;4292700
2022-08-30;29.84;5060200
2022-08-31;28.64;5157000
2022-09-01;27.63;5293900
2022-09-02;27.36;4680100
2022-09-06;25.14;7010200
2022-09-07;24.04;12504700
2022-09-08;25.83;14142200
2022-09-09;28.92;7899800
2022-09-12;29.24;6175200
2022-09-13;27.85;3657200
2022-09-14;28.13;3605800
2022-09-15;28.61;3329500
2022-09-16;28.64;4656000
2022-09-19;28.96;3404000
2022-09-20;27.54;3145900
2022-09-21;26.86;3859200
2022-09-22;24.7;4346500
2022-09-23;25.04;3622400
2022-09-26;24.48;3440300
2022-09-27;26.13;4487200
2022-09-28;27.31;2630100
2022-09-29;25.46;4118200
2022-09-30;25.13;3148300
2022-10-03;25.38;2653900
2022-10-04;27.6;4581900
2022-10-05;26.39;2986400
2022-10-06;25.99;2418700
2022-10-07;25.35;3270600
2022-10-10;25.0;2917600
2022-10-11;25.27;4195900
2022-10-12;25.36;3284400
2022-10-13;25.56;3516200
2022-10-14;24.63;2773500
2022-10-17;25.96;3172200
2022-10-18;26.67;4402600
2022-10-19;24.54;5318400
2022-10-20;24.41;5148600
2022-10-21;25.3;3036300
2022-10-24;24.71;3114300
2022-10-25;26.87;7791600
2022-10-26;25.42;3858200
2022-10-27;25.93;2422900
2022-10-28;28.17;8089600
2022-10-31;28.31;24027600
2022-11-01;28.39;5147500
2022-11-02;26.62;4143900
2022-11-03;26.29;3384400
2022-11-04;26.51;4138000
2022-11-07;25.76;3303600
2022-11-08;25.14;4695100
2022-11-09;23.11;8464800
2022-11-10;24.88;6107000
2022-11-11;26.1;3986200
2022-11-14;26.05;4352200
2022-11-15;27.59;5392000
2022-11-16;27.14;2452300
2022-11-17;27.76;2477700
2022-11-18;27.6;3087400
2022-11-21;25.16;4443300
2022-11-22;26.3;4240400
2022-11-23;26.7;2737500
2022-11-25;26.17;1122700
2022-11-28;25.29;2440900
2022-11-29;25.6;2029500
2022-11-30;26.21;3731100
2022-12-01;26.6;7615200
2022-12-02;27.52;4577200
2022-12-05;25.56;4973700
2022-12-06;23.39;7699300
2022-12-07;22.26;10078200
2022-12-08;24.79;10252000
2022-12-09;22.63;5326700
2022-12-12;22.67;3750800
2022-12-13;21.0;6305600
2022-12-14;21.05;4604800
2022-12-15;20.58;6444500
2022-12-16;20.8;9379700
2022-12-19;19.92;3700600
2022-12-20;20.26;4479000
2022-12-21;20.56;2793600
2022-12-22;19.81;5343100
2022-12-23;20.08;3174800
2022-12-27;18.2;4233000
2022-12-28;17.92;5672000
2022-12-29;18.33;3442800
2022-12-30;18.46;2669500
2023-01-03;17.2;5135200
2023-01-04;17.32;3939300
2023-01-05;16.22;6066200
2023-01-06;16.46;4823400
2023-01-09;16.38;3522600
2023-01-10;17.77;4402800
2023-01-11;19.04;8405800
2023-01-12;20.63;5877300
2023-01-13;20.49;5494400
2023-01-17;21.8;5407900
2023-01-18;20.79;5632200
2023-01-19;19.04;4519200
2023-01-20;19.61;3564300
2023-01-23;21.66;7181500
2023-01-24;21.4;2381600
2023-01-25;20.23;3515800
2023-01-26;20.01;3520000
2023-01-27;22.82;11897200
2023-01-30;21.25;4950600
2023-01-31;21.87;3128400
2023-02-01;21.83;4517200
2023-02-02;22.7;7655700
2023-02-03;22.25;4935900
2023-02-06;23.86;8708400
2023-02-07;21.22;9093700
2023-02-08;21.1;2846400
2023-02-09;19.67;4497400
2023-02-10;19.27;2902700
2023-02-13;19.69;2299300
2023-02-14;19.87;2746300
2023-02-15;21.8;7137800
2023-02-16;21.6;3879000
2023-02-17;21.99;2851000
2023-02-21;20.66;3100300
2023-02-22;20.52;2164900
2023-02-23;20.14;2862000
2023-02-24;19.54;2277600
2023-02-27;19.1;4006700
2023-02-28;19.23;3373800
2023-03-01;18.15;4210100
2023-03-02;18.19;2622100
2023-03-03;18.7;2505500
2023-03-06;18.65;2815300
2023-03-07;18.06;2375300
2023-03-08;18.17;3277800
2023-03-09;17.52;2652600
2023-03-10;17.25;2845500
2023-03-13;16.75;2959100
2023-03-14;16.91;3077400
2023-03-15;15.95;4541500
2023-03-16;16.76;4083000
2023-03-17;16.6;5105500
2023-03-20;16.87;4463700
2023-03-21;17.65;15882900
2023-03-22;23.87;66764700
2023-03-23;22.58;11168900
2023-03-24;23.98;8756400
2023-03-27;23.0;4580800
2023-03-28;23.15;5711700
2023-03-29;22.46;4161400
2023-03-30;22.5;3477600
2023-03-31;23.02;3880300
2023-04-03;23.17;4274500
2023-04-04;22.35;3421500
2023-04-05;22.07;3638100
2023-04-06;22.4;2506900
2023-04-10;22.37;2176100
2023-04-11;22.69;2540000
2023-04-12;22.26;2141100
2023-04-13;22.55;1803900
2023-04-14;22.46;2312400
2023-04-17;22.28;2066600
2023-04-18;21.61;2748700
2023-04-19;21.31;2539500
2023-04-20;20.22;2977400
2023-04-21;20.49;2085900
2023-04-24;19.93;2742400
2023-04-25;19.0;2560800
2023-04-26;18.65;2287600
2023-04-27;18.94;2238900
2023-04-28;19.29;2835200
2023-05-01;18.55;2356600
2023-05-02;18.58;1918300
2023-05-03;18.9;3184000
2023-05-04;19.35;2041800
2023-05-05;20.42;4353700
2023-05-08;20.51;2402800
2023-05-09;20.24;1522700
2023-05-10;20.76;2139900
2023-05-11;20.88;1652500
2023-05-12;20.69;2003900
2023-05-15;21.62;2602000
2023-05-16;21.99;2498000
2023-05-17;22.87;4573000
2023-05-18;23.05;2144400
2023-05-19;22.06;2665900
2023-05-22;24.21;6251600
2023-05-23;23.16;3786500
2023-05-24;23.27;1901000
2023-05-25;23.35;2494400
2023-05-26;23.25;2261900
2023-05-30;24.57;5037800
2023-05-31;24.05;4265200
2023-06-01;24.1;3845000
2023-06-02;24.64;3293100
2023-06-05;24.31;4201900
2023-06-06;24.69;3984300
2023-06-07;26.11;18001100
2023-06-08;21.44;19213300
2023-06-09;22.68;10321200
2023-06-12;24.3;7131400
2023-06-13;26.95;17160600
2023-06-14;25.7;7243700
2023-06-15;24.84;5501800
2023-06-16;24.56;4427000
2023-06-20;24.58;3250700
2023-06-21;24.43;2404700
2023-06-22;24.32;1889600
2023-06-23;23.7;2230800
2023-06-26;23.02;2525200
2023-06-27;23.58;2141500
2023-06-28;24.98;3493900
2023-06-29;24.9;3101000
2023-06-30;24.25;2797500
2023-07-03;24.91;1806600
2023-07-05;23.9;2263100
2023-07-06;22.83;2384600
2023-07-07;22.71;2439600
2023-07-10;23.54;3318200
2023-07-11;23.91;3063500
2023-07-12;23.44;1742200
2023-07-13;23.46;1912200
2023-07-14;22.97;2175300
2023-07-17;22.82;2026000
2023-07-18;23.08;2345100
2023-07-19;23.17;2250100
2023-07-20;22.91;2256700
2023-07-21;22.18;3134100
2023-07-24;23.04;2970400
2023-07-25;22.85;1672000
2023-07-26;22.7;1489200
2023-07-27;22.22;3370900
2023-07-28;21.93;2642100
2023-07-31;22.2;1973400
2023-08-01;21.5;2567100
2023-08-02;20.83;2625800
2023-08-03;20.93;1318700
2023-08-04;20.98;2400500
2023-08-07;21.07;1441300
2023-08-08;20.74;1431300
2023-08-09;19.93;2929600
2023-08-10;20.19;1432400
2023-08-11;20.19;1500200
2023-08-14;19.96;3329300
2023-08-15;19.33;2290300
2023-08-16;18.59;3015600
2023-08-17;18.38;2056800
2023-08-18;18.36;2023900
2023-08-21;18.48;2864700
2023-08-22;17.26;3791900
2023-08-23;16.89;2909100
2023-08-24;16.36;3624500
2023-08-25;17.13;3423500
2023-08-28;17.57;3007400
2023-08-29;18.24;2709200
2023-08-30;18.37;1884500
2023-08-31;18.55;4674100
2023-09-01;18.42;2131800
2023-09-05;19.23;3781300
2023-09-06;18.75;6107200
2023-09-07;18.89;5021300
2023-09-08;17.71;4689200
2023-09-11;17.02;3543800
2023-09-12;17.23;5179400
2023-09-13;17.81;3012600
2023-09-14;18.33;3078000
2023-09-15;18.22;6158000
2023-09-18;17.55;3694600
2023-09-19;17.52;2584200
2023-09-20;17.52;2129800
2023-09-21;17.02;2910700
2023-09-22;17.18;2100300
2023-09-25;17.67;2181200
2023-09-26;16.78;2726800
2023-09-27;17.15;1681300
2023-09-28;16.84;7431900
2023-09-29;16.46;3388600
2023-10-02;15.39;6087700
2023-10-03;14.6;4510300
2023-10-04;14.87;2586400
2023-10-05;14.71;1945100
2023-10-06;15.08;2458300
2023-10-09;15.4;2276300
2023-10-10;16.0;2915900
2023-10-11;15.82;2098200
2023-10-12;15.09;3180300
2023-10-13;14.92;1823300
2023-10-16;14.43;3508600
2023-10-17;14.12;3842400
2023-10-18;13.85;4045800
2023-10-19;13.16;5808000
2023-10-20;13.44;3657600
2023-10-23;13.44;2785500
2023-10-24;14.04;3738300
2023-10-25;13.71;1967300
2023-10-26;13.5;2036400
2023-10-27;13.12;2481700
2023-10-30;12.8;3475900
2023-10-31;13.77;4574600
2023-11-01;13.01;3430100
2023-11-02;13.64;3566600
2023-11-03;13.87;2963100
2023-11-06;13.53;2164400
2023-11-07;13.64;2354400
2023-11-08;13.28;1705600
2023-11-09;12.7;2750100
2023-11-10;12.54;3872400
2023-11-13;12.14;4318500
2023-11-14;12.9;5187500
2023-11-15;13.27;4121600
2023-11-16;12.53;3425800
2023-11-17;13.03;3414200
2023-11-20;12.8;2294900
2023-11-21;12.55;3710100
2023-11-22;12.29;2358800
2023-11-24;12.2;1232500
2023-11-27;11.91;3710600
2023-11-28;13.49;14192900
2023-11-29;16.25;61172800
2023-11-30;14.55;16537200
2023-12-01;15.3;13347300
2023-12-04;16.98;20098700
2023-12-05;14.91;14220100
2023-12-06;14.84;12691300
2023-12-07;16.36;19840700
2023-12-08;15.55;10375400
2023-12-11;15.07;4961200
2023-12-12;15.22;4210700
2023-12-13;16.69;9086900
2023-12-14;17.44;10750700
2023-12-15;17.26;7110100
2023-12-18;17.86;7352200
2023-12-19;17.72;5447100
2023-12-20;16.93;5553000
2023-12-21;16.98;3975300
2023-12-22;16.97;3325100
2023-12-26;17.36;3079600
2023-12-27;18.37;4800100
2023-12-28;18.07;3574800
2023-12-29;17.53;4524200
2024-01-02;16.67;4428000
2024-01-03;16.69;4193600
2024-01-04;16.36;2671500
2024-01-05;15.96;2615700
2024-01-08;15.79;3031100
2024-01-09;15.16;3105300
2024-01-10;15.73;3191700
2024-01-11;15.25;2992200
2024-01-12;14.75;2475500
2024-01-16;13.98;3581200
2024-01-17;14.08;2706200
2024-01-18;14.29;3906000
2024-01-19;14.51;2391500
2024-01-22;14.9;3606500
2024-01-23;14.18;3495300
2024-01-24;13.95;2513800
2024-01-25;14.52;3635900
2024-01-26;14.49;2288800
2024-01-29;14.78;2164200
2024-01-30;14.55;1652600
2024-01-31;14.23;2684700
2024-02-01;14.42;2220200
2024-02-02;14.73;2922600
2024-02-05;13.46;4361500
2024-02-06;14.1;3047800
2024-02-07;14.07;1947800
2024-02-08;14.35;1838300
2024-02-09;14.66;3575300
2024-02-12;14.73;2750100
2024-02-13;14.17;3788700
2024-02-14;14.41;2504400
2024-02-15;14.51;2400500
2024-02-16;14.12;2297200
2024-02-20;13.49;3784500
2024-02-21;13.41;1731300
2024-02-22;13.36;1817800
2024-02-23;13.51;2319700
2024-02-26;13.68;2278600
2024-02-27;14.21;2795500
2024-02-28;14.24;2440700
2024-02-29;14.27;2638700
2024-03-01;14.95;4890900
2024-03-04;15.22;4367600
2024-03-05;15.0;3152700
2024-03-06;15.26;3818100
2024-03-07;15.26;2111900
2024-03-08;14.65;3165700
2024-03-11;14.43;2111900
2024-03-12;14.72;2382600
2024-03-13;14.87;2898100
2024-03-14;14.63;2534200
2024-03-15;14.24;4476500
2024-03-18;13.91;3490800
2024-03-19;13.41;3894700
2024-03-20;13.48;3921300
2024-03-21;13.66;3382800
2024-03-22;13.1;4400000
2024-03-25;15.12;10416300
2024-03-26;15.5;17245800
2024-03-27;13.17;17871300
2024-03-28;12.52;8473500
2024-04-01;11.99;9207100
2024-04-02;11.28;6327700
2024-04-03;11.38;4331500
2024-04-04;11.53;4347000
2024-04-05;11.25;4750800
2024-04-08;10.83;3659100
2024-04-09;11.01;3514400
2024-04-10;10.85;3546200
2024-04-11;11.29;3802100
2024-04-12;10.77;3196300
2024-04-15;10.06;5086300
2024-04-16;10.37;4162100
2024-04-17;10.3;2096700
2024-04-18;10.31;2175400
2024-04-19;10.42;2455100
2024-04-22;10.01;3261000
2024-04-23;10.16;2511800
2024-04-24;10.93;4829600
2024-04-25;11.21;4903800
2024-04-26;11.9;7685100
2024-04-29;11.29;3821500
2024-04-30;11.09;2866500
2024-05-01;10.91;2653200
2024-05-02;12.76;8654800
2024-05-03;16.47;36292400
2024-05-06;16.31;48018700
2024-05-07;16.31;24308600
2024-05-08;15.92;24775100
2024-05-09;18.01;25759300
2024-05-10;17.46;36831900
2024-05-13;30.45;187241700
2024-05-14;48.75;206979100
2024-05-15;39.55;131790100
2024-05-16;27.67;76177600
2024-05-17;22.21;96079600
2024-05-20;23.14;55261600
2024-05-21;22.12;49250100
2024-05-22;21.12;43521400
2024-05-23;18.32;30561100
2024-05-24;19.0;41886700
2024-05-28;23.78;105077600
2024-05-29;21.24;26921200
2024-05-30;22.61;24508800
2024-05-31;23.14;22174300
2024-06-03;28.0;165808300
2024-06-04;26.5;51662100
2024-06-05;31.57;73156400
2024-06-06;46.55;206685800
2024-06-07;28.22;279054400
2024-06-10;24.83;131572400
2024-06-11;30.49;146914700
2024-06-12;25.46;147986700
2024-06-13;29.12;107306600
2024-06-14;28.7;82874400
2024-06-17;25.22;90351900
2024-06-18;24.7;38079200
2024-06-20;25.59;36029300
2024-06-21;23.93;28004000
2024-06-24;23.65;22162900
2024-06-25;24.93;27625600
2024-06-26;24.2;17903000
2024-06-27;25.09;34867000
2024-06-28;24.69;20212000
2024-07-01;23.33;30689000
2024-07-02;23.98;13703500
2024-07-03;24.37;11829500
2024-07-05;24.18;11782100
2024-07-08;24.45;11815500
2024-07-09;24.6;9419800
2024-07-10;24.97;22325400
2024-07-11;25.57;13032700
2024-07-12;26.05;16238900
2024-07-15;27.0;17136400
2024-07-16;28.54;25594500
2024-07-17;27.98;23775000
2024-07-18;25.88;16969700
2024-07-19;24.97;12763300
2024-07-22;25.22;14090400
2024-07-23;25.5;7921700
2024-07-24;24.01;9549200
2024-07-25;23.95;8567700
2024-07-26;24.13;6833900
2024-07-29;23.6;7250200
2024-07-30;22.4;9272400
2024-07-31;22.67;8005800
2024-08-01;21.71;9334400
2024-08-02;21.07;9030000
2024-08-05;20.65;12205900
2024-08-06;21.28;6505300
2024-08-07;20.83;6101100
2024-08-08;21.75;5439700
2024-08-09;21.93;4828900
2024-08-12;21.88;4449100
2024-08-13;22.27;3913700
2024-08-14;21.99;3489400
2024-08-15;22.53;5361400
2024-08-16;22.4;3641800
2024-08-19;22.66;4543500
2024-08-20;22.28;3570300
2024-08-21;22.55;3163200
2024-08-22;22.12;3382500
2024-08-23;22.21;4056700
2024-08-26;21.36;4780500
2024-08-27;20.74;4118800
2024-08-28;19.9;5219500
2024-08-29;21.51;10428400
2024-08-30;23.42;15680700
2024-09-03;23.14;11350500
2024-09-04;22.12;6700900
2024-09-05;22.39;5101200
2024-09-06;23.92;23884000
2024-09-09;24.25;14064700
2024-09-10;23.45;19175500
2024-09-11;20.64;28921500
2024-09-12;20.4;9567500
2024-09-13;20.65;8053700
2024-09-16;20.09;5981200
2024-09-17;20.16;6307600
2024-09-18;19.65;10728200
2024-09-19;19.51;8902600
2024-09-20;21.85;61919200
2024-09-23;22.31;13969500
2024-09-24;22.63;12121400
2024-09-25;22.18;6139700
2024-09-26;22.29;5777500
2024-09-27;22.48;7416500
2024-09-30;22.93;10161700
2024-10-01;21.97;7189200
2024-10-02;21.49;5673100
2024-10-03;21.2;4665800
2024-10-04;21.4;5286200
2024-10-07;20.9;5988000
2024-10-08;20.71;4840500
2024-10-09;20.5;3914000
2024-10-10;20.91;4180800
2024-10-11;20.83;3931600
2024-10-14;21.33;6636600
2024-10-15;21.27;4851900
2024-10-16;21.66;4264600
2024-10-17;21.41;3015300
2024-10-18;21.22;5302200
2024-10-21;20.7;3956500
2024-10-22;20.93;3232300
2024-10-23;20.54;2945000
2024-10-24;20.63;2682300
2024-10-25;20.57;5989000
2024-10-28;22.73;13641200
2024-10-29;22.68;10078100
2024-10-30;23.28;12383600
2024-10-31;22.18;5594500
2024-11-01;22.41;4744500
2024-11-04;22.33;4300200
2024-11-05;22.99;5858400
2024-11-06;23.1;6648000
2024-11-07;23.45;5554400
2024-11-08;24.88;15908600
2024-11-11;27.26;26633000
2024-11-12;26.84;18972700
2024-11-13;26.46;18490300
2024-11-14;27.37;16502000
2024-11-15;26.59;16451800
2024-11-18;26.44;8541600
2024-11-19;27.57;8698600
2024-11-20;28.45;22089700
2024-11-21;27.82;10587200
2024-11-22;27.9;7975700
2024-11-25;29.67;13090400
2024-11-26;30.33;24657300
2024-11-27;30.89;12895100
2024-11-29;29.05;10473700
2024-12-02;27.27;13576600
2024-12-03;27.44;6009900
2024-12-04;27.03;6387500
2024-12-05;28.63;40704900
2024-12-06;29.06;15161400
2024-12-09;27.93;11495400
2024-12-10;26.93;18209400
2024-12-11;28.97;20485000
2024-12-12;28.75;8855700
2024-12-13;27.99;6581600
2024-12-16;29.44;8700000
2024-12-17;31.26;19948100
2024-12-18;28.55;13947300
2024-12-19;29.0;10338200
2024-12-20;29.82;19606700
2024-12-23;30.9;8226500
2024-12-24;31.14;5523500
2024-12-26;32.99;20432900
2024-12-27;32.2;10141700
2024-12-30;32.01;9593100
2024-12-31;31.34;7395300
2025-01-02;30.66;7979700
2025-01-03;31.65;7461800
2025-01-06;32.82;12609400
2025-01-07;33.37;13360700
2025-01-08;32.96;6320000
2025-01-10;32.31;7068200
2025-01-13;31.02;5567000
2025-01-14;27.88;11796600
2025-01-15;27.96;6025400
2025-01-16;27.72;4432000
2025-01-17;27.51;8977500
2025-01-21;27.47;5867800
2025-01-22;27.65;5025400
2025-01-23;28.33;8828200
2025-01-24;27.77;4511600
2025-01-27;26.97;5060300
2025-01-28;27.46;3169900
2025-01-29;27.51;3220400
2025-01-30;27.99;3343900
2025-01-31;26.9;4544000
2025-02-03;25.89;5740500
2025-02-04;25.9;3353700
2025-02-05;24.93;4580200
2025-02-06;24.8;4349500
2025-02-07;24.73;3403300
2025-02-10;27.12;9694700
2025-02-11;26.56;7042700
2025-02-12;25.99;3999200
2025-02-13;26.34;8255300
2025-02-14;27.0;12142600
2025-02-18;26.97;5337800
2025-02-19;26.0;4382100
2025-02-20;27.04;7735200
2025-02-21;26.42;6130900
2025-02-24;25.0;5980000
2025-02-25;24.42;6551500
2025-02-26;24.61;3272500
2025-02-27;24.48;4590000
2025-02-28;25.04;4137100
2025-03-03;24.4;4291000
2025-03-04;24.3;5068700
2025-03-05;25.07;3282500
2025-03-06;24.2;3421400
2025-03-07;24.0;3464000
2025-03-10;22.42;6226900
2025-03-11;22.61;4226900
2025-03-12;21.99;3718200
2025-03-13;21.95;3829800
2025-03-14;23.05;3960500
2025-03-17;23.5;2899100
2025-03-18;23.3;2155800
2025-03-19;23.71;3032300
2025-03-20;23.51;1998200
2025-03-21;24.75;6893900
