"date";"Avg_Sentiment_Final";"Avg_Sentiment_VADER";"Avg_Subjectivity";"Avg_Upvotes"
"2021-01-02";"0.5463";"0.5463";"0.5";"2769.0"
"2021-01-13";"0.4995";"0.4995";"0.0";"1800.0"
"2021-01-14";"0.8778";"0.8682";"0.22";"20450.0"
"2021-01-15";"0.8128";"0.8128";"0.0";"18400.0"
"2021-01-16";"0.5882";"0.5882";"0.0";"10100.0"
"2021-01-17";"0.4995";"0.4995";"0.1875";"2200.0"
"2021-01-18";"0.3034";"0.3034";"0.0";"10400.0"
"2021-01-19";"0.4995";"0.4995";"0.0";"1545.0"
"2021-01-20";"0.7555";"0.7555";"0.0";"14600.0"
"2021-01-21";"0.843";"0.843";"0.25";"6350.0"
"2021-01-22";"0.3034";"0.3034";"0.1";"6700.0"
"2021-01-23";"0.6004";"0.6004";"0.1111";"18233.3333"
"2021-01-24";"0.9049";"0.9049";"0.3";"5700.0"
"2021-01-25";"0.4995";"0.4995";"0.0";"15800.0"
"2021-01-26";"0.6275";"0.6275";"0.0";"24250.0"
"2021-01-27";"0.6275";"0.6275";"0.0";"33669.0"
"2021-01-30";"0.6105";"0.6105";"0.1";"82600.0"
"2021-01-31";"0.9562";"0.9562";"0.375";"142500.0"
"2021-02-01";"0.0533";"0.0375";"0.4595";"26649.0"
"2021-02-04";"0.7326";"0.7326";"0.0";"123000.0"
"2021-02-05";"0.4995";"0.4995";"0.0";"21213.0"
"2021-02-06";"0.2894";"0.2894";"0.4222";"65866.6667"
"2021-02-07";"0.0558";"0.0558";"0.175";"38400.0"
"2021-02-10";"0.4995";"0.4995";"0.0";"28900.0"
