date;subscribers_wallstreetbets;posts_per_day_wallstreetbets;comments_per_day_wallstreetbets;subscribers_superstonk;posts_per_day_superstonk;comments_per_day_superstonk;subscribers_gme;posts_per_day_gme;comments_per_day_gme
01/12/2020;1642854;1350;41852;;;;52;1;1
02/12/2020;1643316;1152;38626;;;;52;1;1
03/12/2020;1652062;767;27960;;;;52;1;1
04/12/2020;1652258;767;27960;;;;52;1;1
05/12/2020;1658103;677;29421;;;;52;2;7
06/12/2020;1659404;327;17514;;;;52;1;10
07/12/2020;1667689;298;20527;;;;52;2;7
08/12/2020;1667689;788;36365;;;;52;1;2
09/12/2020;1681700;737;38924;;;;52;5;14
10/12/2020;1682253;657;37749;;;;52;4;9
11/12/2020;1682253;599;33925;;;;52;2;9
12/12/2020;1692008;501;25279;;;;52;2;2
13/12/2020;1694852;249;10863;;;;52;2;2
14/12/2020;1696400;239;22090;;;;52;1;2
15/12/2020;1696400;345;31124;;;;52;1;2
16/12/2020;1709094;486;32837;;;;52;1;2
17/12/2020;1709094;510;25309;;;;52;1;2
18/12/2020;1714030;541;20189;;;;52;1;4
19/12/2020;1714030;593;22652;;;;52;1;3
20/12/2020;1714030;283;18956;;;;52;1;3
21/12/2020;1726626;360;32324;;;;52;1;1
22/12/2020;1732132;674;39509;;;;209;1;1
23/12/2020;1736937;734;44414;;;;222;2;5
24/12/2020;1737356;471;38316;;;;222;4;10
25/12/2020;1740873;471;29892;;;;222;4;1
26/12/2020;1744080;471;20855;;;;222;4;1
27/12/2020;1744080;471;16431;;;;251;4;2
28/12/2020;1747776;471;29565;;;;257;3;4
29/12/2020;1751744;471;37087;;;;268;3;4
30/12/2020;1751744;471;35881;;;;268;1;2
31/12/2020;1755666;471;33291;;;;268;1;2
01/01/2021;1755666;471;28012;;;;290;1;2
02/01/2021;1759616;471;15372;;;;290;1;2
03/01/2021;1764619;471;14670;;;;290;1;1
04/01/2021;1769179;329;21618;;;;306;1;1
05/01/2021;1773346;489;31294;;;;311;3;7
06/01/2021;1777458;362;32929;;;;325;2;3
07/01/2021;1782523;519;33178;;;;325;1;4
08/01/2021;1788620;516;36868;;;;325;1;4
09/01/2021;1793320;490;30817;;;;325;1;1
10/01/2021;1799368;252;19812;;;;353;1;1
11/01/2021;1805576;313;31753;;;;365;4;14
12/01/2021;1810908;520;35043;;;;374;1;9
13/01/2021;1821961;577;37458;;;;436;4;14
14/01/2021;1839235;1137;51340;;;;496;13;42
15/01/2021;1857070;1500;68311;;;;546;10;42
16/01/2021;1857070;1123;42806;;;;546;10;31
17/01/2021;1857070;337;19010;;;;546;2;27
18/01/2021;1886614;503;24782;;;;704;9;31
19/01/2021;1886614;787;48270;;;;704;14;47
20/01/2021;1886614;1382;61967;;;;704;6;67
21/01/2021;1886614;1048;54143;;;;704;10;34
22/01/2021;1886614;1460;69596;;;;704;61;311
23/01/2021;1886614;3631;65072;;;;704;65;199
24/01/2021;2063990;673;28628;;;;2875;43;222
25/01/2021;2063990;3702;116207;;;;2875;139;587
26/01/2021;2063990;7795;179464;;;;2875;342;971
27/01/2021;2063990;27204;352597;;;;2875;1094;2307
28/01/2021;4949083;68250;394280;;;;21547;1968;2977
29/01/2021;6167787;15240;338725;;;;26194;1796;2903
30/01/2021;6167787;4118;302418;;;;26194;979;2037
31/01/2021;6167787;3130;245701;;;;26194;507;1655
01/02/2021;6167787;7283;251323;;;;26194;845;1961
02/02/2021;6167787;18552;258094;;;;26194;1244;2722
03/02/2021;8462861;7495;182627;;;;40876;938;3422
04/02/2021;8543123;6381;151660;;;;45544;744;3081
05/02/2021;8603332;9269;168745;;;;49251;823;5012
06/02/2021;8651917;3451;96597;;;;57541;416;4167
07/02/2021;8697934;1026;31612;;;;59471;344;2439
08/02/2021;8747860;538;52857;;;;61749;445;4693
09/02/2021;8800534;275;61057;;;;64935;576;6820
10/02/2021;8868209;383;79791;;;;68996;1089;11951
11/02/2021;8946565;370;73093;;;;73503;884;9287
12/02/2021;8987409;281;53643;;;;77951;994;12688
13/02/2021;9018559;337;30869;;;;80123;835;8110
14/02/2021;9045339;219;15137;;;;81818;609;4844
15/02/2021;9070137;203;24523;;;;83784;538;8408
16/02/2021;9094838;203;24523;;;;88674;538;8408
17/02/2021;9117248;705;35769;;;;91770;805;10047
18/02/2021;9141837;1977;52409;;;;94124;1271;12164
19/02/2021;9161570;2998;95845;;;;96596;2655;21392
20/02/2021;9179701;1881;51071;;;;98910;1420;16048
21/02/2021;9196358;996;33994;;;;100176;801;11278
22/02/2021;9212654;1250;48475;;;;102418;1081;12733
23/02/2021;9226411;2219;65743;;;;104136;1286;15923
24/02/2021;9249719;2133;58400;;;;109537;1482;16561
25/02/2021;9295496;6324;168944;;;;122234;5770;39295
26/02/2021;9319273;7081;140537;;;;129467;3370;28600
27/02/2021;9333365;1908;28704;;;;136443;1355;15164
28/02/2021;9346290;1725;41496;;;;142493;1506;20441
01/03/2021;9363629;3507;86646;;;;146575;2116;27657
02/03/2021;9385303;4893;104473;;;;150466;2305;28503
03/03/2021;9410014;4723;88125;;;;155426;2274;30404
04/03/2021;9425121;3859;71676;;;;158522;2625;35029
05/03/2021;9436285;2872;55397;;;;161296;2023;29374
06/03/2021;9444070;1231;22381;;;;163116;1028;17396
07/03/2021;9453890;1194;42961;;;;164763;903;25206
08/03/2021;9465400;3518;77696;;;;167850;2219;41050
09/03/2021;9479186;4932;83420;;;;172225;4597;47446
10/03/2021;9496597;8061;112978;;;;180018;8290;58308
11/03/2021;9511046;3708;83470;;;;187171;4250;53617
12/03/2021;9523213;3004;69338;;;;192559;3524;41541
13/03/2021;9533480;1860;33975;;;;194852;2018;27807
14/03/2021;9540694;1845;33146;;;;198296;2353;30995
15/03/2021;9556502;2600;70233;;1;;202884;3958;49482
16/03/2021;9571882;2418;65618;1;1;;207240;4507;47190
17/03/2021;9586850;1937;65818;1;1;;211893;3687;50714
18/03/2021;9600482;2132;56652;1;1;;216147;4395;48678
19/03/2021;9611287;1930;59111;5;1;2;219931;5049;47688
20/03/2021;9620030;794;22203;22;2;2;222587;2348;32735
21/03/2021;9628790;784;22438;25;2;2;225255;2636;29074
22/03/2021;9637629;1542;44771;31;4;3;227880;4130;43664
23/03/2021;9646295;1752;70106;32;3;2;231393;5804;56765
24/03/2021;9654568;2160;69202;46;3;12;236074;6927;62861
25/03/2021;9662197;1814;68223;59;3;2;240555;6083;63649
26/03/2021;9669321;1428;51779;68;2;1;244364;4041;46471
27/03/2021;9674944;1428;51779;77;2;1;246858;4041;46471
28/03/2021;9681605;601;17163;176;3;3;248906;2388;30797
29/03/2021;9689028;675;32309;198;13;34;252079;2145;39975
30/03/2021;9695549;1062;49918;237;15;25;254557;2816;43029
31/03/2021;9702611;1118;51243;241;5;10;257920;2978;49860
01/04/2021;9709213;1115;46074;252;3;3;260975;2731;48652
02/04/2021;9714726;1157;38295;258;7;4;262757;2790;38656
03/04/2021;9719663;447;17557;266;6;4;264142;1818;29799
04/04/2021;9725400;390;16441;604;1;1;265565;1646;30811
05/04/2021;9731916;505;26662;120615;2087;18004;247040;3201;39746
06/04/2021;9738273;766;36249;150257;4942;44089;242398;2289;16558
07/04/2021;9744734;840;32642;156851;2935;40520;243942;456;5959
08/04/2021;9750553;881;34749;161419;3487;44099;246207;618;5936
09/04/2021;9755649;1058;38748;164479;3483;45472;247748;802;7874
10/04/2021;9759797;937;34943;167874;3172;43083;249727;730;7546
11/04/2021;9765266;394;15453;170058;1541;28320;250653;436;5643
12/04/2021;9771113;485;23176;172815;1929;28725;252103;491;5366
13/04/2021;9777577;1002;42924;175581;3311;43733;253254;847;7184
14/04/2021;9786851;1185;42072;178409;2941;46050;254328;653;7585
15/04/2021;9797825;1000;48246;182234;3016;49378;255473;769;7559
16/04/2021;9819244;1440;37564;190642;2836;48316;262575;644;6287
17/04/2021;9835949;1369;35196;193730;3397;46557;264139;718;6133
18/04/2021;9848934;563;12846;198042;2604;44430;265357;438;6027
19/04/2021;9864718;706;23141;204747;4076;62519;267842;590;5999
20/04/2021;9881140;786;19046;210310;3344;52134;269427;541;5795
21/04/2021;9893186;880;19904;216908;4402;59859;270849;681;6205
22/04/2021;9904350;970;18876;221879;2823;51132;272485;765;6900
23/04/2021;9914367;810;23418;225445;3530;60732;273822;978;8283
24/04/2021;9923084;661;18691;226852;2961;38400;274442;774;6200
25/04/2021;9931866;400;14299;228419;1446;28143;275061;582;6192
26/04/2021;9942408;638;19433;231405;1763;36946;276588;659;6851
27/04/2021;9955617;1480;35522;234847;3151;61502;277929;1323;11039
28/04/2021;9964705;1072;28014;236765;2098;41743;278925;811;7962
29/04/2021;9973484;1171;29892;238778;2363;41266;279612;960;7708
30/04/2021;9980845;976;26708;240599;2240;37812;280169;870;6750
01/05/2021;9988217;719;18172;241667;1632;27454;280516;669;5498
02/05/2021;9995365;376;13658;242909;1097;20470;280891;479;5050
03/05/2021;10004973;892;22391;244669;1947;35647;281557;801;5849
04/05/2021;10016183;831;22792;250083;2420;38207;282285;913;6754
05/05/2021;10027227;1332;27718;255335;3392;48084;283779;1317;7272
06/05/2021;10035023;1761;36654;266393;2744;53975;285085;876;5272
07/05/2021;10044722;1097;27093;269431;2156;47730;285777;623;5811
08/05/2021;10055081;642;17238;272194;1216;28577;286370;336;3830
09/05/2021;10066051;541;19025;274062;1194;31393;286942;296;3734
10/05/2021;10075386;1024;28073;276165;2328;46410;287586;482;5328
11/05/2021;10085394;1072;33524;278792;2478;50084;288273;522;5400
12/05/2021;10095094;969;30806;282189;2957;54957;288945;617;5907
13/05/2021;10104685;1143;31681;286361;2997;62660;289710;569;6041
14/05/2021;10112678;891;25779;288503;2249;54165;290366;422;4727
15/05/2021;10118985;427;14583;289529;1436;32690;290700;262;3451
16/05/2021;10125264;386;13237;290815;1975;40513;291021;272;3741
17/05/2021;10131769;842;23670;293351;2516;51401;291576;407;5073
18/05/2021;10138879;735;26409;296513;2886;54280;292196;525;4301
19/05/2021;10144573;790;25818;299484;2495;49485;292692;375;4242
20/05/2021;10149724;735;20205;303497;2210;41654;293163;341;3112
21/05/2021;10153478;643;20742;306095;1850;45978;293538;409;4146
22/05/2021;10156937;411;13376;307697;1304;28064;293858;265;4611
23/05/2021;10160701;336;14003;310833;1453;33309;294196;245;3262
24/05/2021;10165490;648;20659;315229;2278;50554;294756;394;4469
25/05/2021;10171817;918;24698;319711;3738;61147;295677;751;6219
26/05/2021;10179904;1449;30876;325541;3807;72534;297247;773;6480
27/05/2021;10193432;2345;38935;332879;3590;68302;298548;606;5465
28/05/2021;10211277;1603;40449;338571;3765;70863;299478;689;4939
29/05/2021;10219180;549;17834;341322;1623;38148;300043;257;3406
30/05/2021;10225762;356;13449;343575;1343;34356;300521;251;2894
31/05/2021;10232122;370;16635;345434;1547;38031;300962;271;3333
01/06/2021;10241454;880;27772;350941;2261;60502;301588;541;4429
02/06/2021;10273746;3532;47902;360909;2340;58621;302578;674;5119
03/06/2021;10322134;4074;62366;374098;2161;54155;303747;651;4299
04/06/2021;10339971;2105;40039;379400;1840;46339;304330;498;3908
05/06/2021;10352948;639;19916;385792;1394;36755;304790;335;3177
06/06/2021;10365930;722;19210;391270;1189;33813;305269;319;3253
07/06/2021;10382317;2000;36533;396669;1952;47459;306077;541;3729
08/06/2021;10419790;4847;56770;405921;3274;64888;307615;794;5440
09/06/2021;10459931;4694;64999;414985;3729;75709;308982;681;4980
10/06/2021;10481473;2935;49677;422168;3343;62370;310235;632;5472
11/06/2021;10495196;1984;34581;427484;1906;45426;311151;383;4411
12/06/2021;10503555;803;17517;431138;1072;27825;311498;219;2953
13/06/2021;10511428;753;20368;434308;1105;31424;311831;237;2325
14/06/2021;10521189;1544;31128;438663;1379;37060;312332;256;2444
15/06/2021;10530159;1486;30290;443048;1866;41816;312856;280;2519
16/06/2021;10538338;1248;29202;450024;1765;39552;313286;291;2929
17/06/2021;10546155;1385;25741;453865;1867;43464;313651;285;2538
18/06/2021;10552613;943;24601;458712;1574;38825;313991;214;2436
19/06/2021;10556756;375;13441;461622;1106;27427;314262;175;1675
20/06/2021;10561352;330;13712;464092;1231;28644;314516;215;1739
21/06/2021;10567174;900;23678;467554;1927;45295;314903;298;2443
22/06/2021;10574446;954;24872;472744;2143;49493;315365;345;3298
23/06/2021;10580805;891;22569;476968;2057;49008;315778;274;2986
24/06/2021;10586394;955;24471;480092;1840;46178;316122;291;2823
25/06/2021;10592659;894;22755;484051;1804;47429;316361;294;3317
26/06/2021;10596769;379;11643;487353;1069;29803;316571;179;2324
27/06/2021;10600856;404;14773;490420;1080;30586;316797;185;2093
28/06/2021;10605546;885;22644;493703;1463;37852;317096;224;2641
29/06/2021;10610728;995;21418;496663;1685;37202;317335;257;2965
30/06/2021;10615757;793;19861;499578;1910;42411;317554;275;2524
01/07/2021;10620004;850;20645;502278;1816;40675;317741;282;2796
02/07/2021;10623812;690;18008;504640;1568;42663;317930;254;2461
03/07/2021;10626652;201;11505;506634;933;28322;318104;164;2189
04/07/2021;10631111;219;12359;508685;784;24954;318226;204;2200
05/07/2021;10635809;308;15181;510444;771;24386;318376;200;2075
06/07/2021;10639731;580;18667;512274;1080;31096;318537;268;2595
07/07/2021;10643707;799;21867;514239;1380;31915;318730;339;2989
08/07/2021;10647850;743;24972;516131;1529;38199;318966;388;3237
09/07/2021;10651569;635;19289;518013;1213;31826;319171;262;2171
10/07/2021;10656003;261;10400;519724;832;17727;319343;192;2150
11/07/2021;10658900;295;14615;521177;615;18538;319432;176;2258
12/07/2021;10662368;574;19428;522592;1060;25632;319615;229;2397
13/07/2021;10665721;634;21624;524351;1308;38645;319879;292;3147
14/07/2021;10668915;769;23450;526657;1754;42223;320510;462;4561
15/07/2021;10671312;611;18501;528512;1446;34769;320963;404;2994
16/07/2021;10673287;453;16886;529702;2034;42709;321400;375;3333
17/07/2021;10675236;233;11734;529636;1348;29823;322364;301;3864
18/07/2021;10677059;222;11913;528961;1352;24405;326025;306;3242
19/07/2021;10679173;439;21087;530808;1315;28338;327629;428;4740
20/07/2021;10681067;484;15872;532231;1167;24640;328290;337;3318
21/07/2021;10683593;455;15862;533478;964;21889;328674;262;2802
22/07/2021;10685702;455;15435;534678;1065;21104;328966;322;2728
23/07/2021;10687406;441;16287;535997;835;17787;329229;239;2455
24/07/2021;10688949;213;12802;537055;531;14375;329346;168;1946
25/07/2021;10690967;261;15150;538211;536;15536;329466;167;2347
26/07/2021;10693255;443;17213;539447;746;20289;329661;193;2295
27/07/2021;10695246;443;18482;541157;746;21154;329896;193;2332
28/07/2021;10697560;413;18482;542712;1029;21154;330125;247;2332
29/07/2021;10700073;478;19489;544408;1180;24992;330291;315;2716
30/07/2021;10702221;602;23817;545851;1227;24483;330475;299;2493
31/07/2021;10703532;358;18344;547209;884;23658;330748;236;2695
01/08/2021;10705038;172;11801;548264;524;14197;330887;174;2663
02/08/2021;10706979;209;15850;549638;523;16446;331174;150;2628
03/08/2021;10709080;344;17440;550991;736;22874;331421;229;2512
04/08/2021;10712626;473;20491;552760;1129;26861;331696;333;3155
05/08/2021;10716898;672;22788;554333;940;24791;331920;277;3080
06/08/2021;10719917;592;18944;555773;892;24180;332107;270;3246
07/08/2021;10722026;460;14717;556860;746;19460;332279;219;2398
08/08/2021;10724370;219;10291;558090;492;15725;332418;159;2625
09/08/2021;10727209;290;13590;559494;579;17875;332662;216;2864
10/08/2021;10730531;541;17222;560797;952;26386;332870;249;2879
11/08/2021;10733172;582;18867;562653;866;22509;333056;222;2637
12/08/2021;10735685;540;17631;564053;1143;25008;333290;262;2379
13/08/2021;10738074;476;18606;565441;854;23104;333481;243;2632
14/08/2021;10739804;379;12298;566497;848;17017;333572;191;2155
15/08/2021;10741756;184;9049;567635;514;13596;333687;147;1796
16/08/2021;10744311;251;12789;568975;642;14621;333806;165;1819
17/08/2021;10747076;412;14575;570404;832;18272;333945;210;2350
18/08/2021;10749263;363;17718;571699;925;23153;334033;221;2615
19/08/2021;10751436;414;25699;572855;996;24059;334183;237;2580
20/08/2021;10754378;437;19363;574032;1016;25200;334293;203;2018
21/08/2021;10756941;384;12481;574797;915;18467;334374;182;1902
22/08/2021;10759395;224;10036;575724;638;13748;334482;127;2164
23/08/2021;10761610;281;12846;576835;777;17763;334590;138;1647
24/08/2021;10764536;491;14963;578928;1321;24043;335069;202;2277
25/08/2021;10767535;753;19871;581762;2388;48514;335486;451;3658
26/08/2021;10770016;568;15938;583413;1284;28560;335710;241;2626
27/08/2021;10774662;557;16888;585253;976;27306;335922;225;2390
28/08/2021;10777206;348;10023;586559;667;16674;336045;143;2104
29/08/2021;10779789;259;9399;587637;583;14445;336177;123;2005
30/08/2021;10783555;533;15448;589166;888;19866;336363;180;1908
31/08/2021;10787183;612;17757;590657;980;23880;336522;225;2535
01/09/2021;10790874;622;17731;592401;1114;26096;336738;233;3026
02/09/2021;10794583;688;16256;593881;989;20724;336906;169;1879
03/09/2021;10797947;584;15701;596396;1369;28413;337137;274;2399
04/09/2021;10800647;246;8651;598143;567;14747;337270;129;1789
05/09/2021;10803666;281;9469;599647;523;15075;337397;117;1383
06/09/2021;10806684;356;11102;601276;676;14923;337494;134;1462
07/09/2021;10809842;689;15568;604886;972;22023;337673;189;1975
08/09/2021;10813250;590;19696;606681;1542;33365;338267;325;3237
09/09/2021;10817613;604;17102;608355;1668;29621;338676;295;2932
10/09/2021;10820703;550;16402;609599;952;23328;338900;169;2618
11/09/2021;10823150;298;9650;610624;665;16089;339074;131;1742
12/09/2021;10826259;277;10626;613089;971;20615;339376;169;1880
13/09/2021;10829727;594;17932;614897;1306;27622;339620;226;2299
14/09/2021;10833220;612;18998;616508;1230;26523;339842;210;2323
15/09/2021;10836853;823;20327;618261;1411;28058;340078;237;2620
16/09/2021;10840687;917;22112;619671;1584;30939;340324;272;2672
17/09/2021;10844851;765;19013;621003;1372;27164;340538;234;2822
18/09/2021;10847770;305;8641;622254;730;15745;340693;134;1814
19/09/2021;10850810;282;11723;623414;994;19669;340807;184;2157
20/09/2021;10855480;712;25233;626121;1730;31376;340998;269;2418
21/09/2021;10859021;667;20340;628094;1385;28707;341160;231;2456
22/09/2021;10861492;678;17891;629389;1055;24504;341376;195;2331
23/09/2021;10864570;686;18782;630997;1296;25431;341551;209;2740
24/09/2021;10866937;570;14461;632799;1184;21817;341699;232;2557
25/09/2021;10869848;302;9600;634151;666;16439;341803;151;1628
26/09/2021;10872792;312;10877;635259;871;17161;341850;165;1782
27/09/2021;10876177;590;17398;636796;1985;32369;342027;308;2367
28/09/2021;10880725;590;17398;637874;1985;32369;342157;308;2367
29/09/2021;10884537;657;19297;638965;1996;32927;342337;349;2297
30/09/2021;10888980;677;16018;639875;1736;27085;342459;318;2456
01/10/2021;10893421;625;19530;640727;1967;34153;342678;379;2421
02/10/2021;10896842;411;11951;641193;1148;21462;342754;217;1934
03/10/2021;10900609;329;9080;641883;830;17100;342892;161;1913
04/10/2021;10906143;479;15612;643649;1080;20808;343036;213;2060
05/10/2021;10910949;656;18551;644354;1647;26196;343113;274;2084
06/10/2021;10915102;665;19150;645051;1425;25259;343176;260;2339
07/10/2021;10919675;690;17205;645432;1329;22632;343258;225;1988
08/10/2021;10923465;525;16487;646063;1158;22130;343459;207;1800
09/10/2021;10926737;430;9751;646569;1033;17124;343724;178;1716
10/10/2021;10929974;291;8207;647070;617;12962;343883;138;1634
11/10/2021;10933658;414;14370;647800;1042;19495;344128;202;1686
12/10/2021;10937355;508;15039;648518;1314;25309;344372;259;1565
13/10/2021;10941527;550;15253;649715;1347;24440;344586;203;1500
14/10/2021;10946064;563;15680;650532;1561;30255;344828;258;2177
15/10/2021;10950405;548;15229;651117;1288;21989;345030;244;2120
16/10/2021;10954064;345;10142;651454;958;18254;345125;186;1428
17/10/2021;10958415;243;6581;651887;570;11469;345249;130;1483
18/10/2021;10963510;437;11929;652994;799;15980;345474;154;1628
19/10/2021;10968212;616;14665;654121;1590;28338;345735;320;2144
20/10/2021;10972887;612;14269;655092;1074;20534;345962;213;1685
21/10/2021;10978724;654;13463;655731;952;18558;346122;201;1522
22/10/2021;10988609;825;20212;656403;1048;19307;346307;236;1806
23/10/2021;10995963;518;12677;657047;836;15262;346507;201;1300
24/10/2021;11001503;303;8098;657757;569;11796;346754;146;1181
25/10/2021;11008658;638;15043;658606;827;15642;346965;209;1420
26/10/2021;11016409;986;18933;659235;902;17474;347093;198;1374
27/10/2021;11024230;853;16957;660667;1200;21081;347311;235;2091
28/10/2021;11032749;850;15587;661426;1067;18731;347379;190;1965
29/10/2021;11040996;799;16937;667887;1334;31452;347482;233;1954
30/10/2021;11047192;486;10188;668965;1382;25215;347625;225;1739
31/10/2021;11053681;397;8269;669691;944;13541;347667;186;1924
01/11/2021;11060948;565;13020;670805;1098;20309;347915;212;1785
02/11/2021;11069347;838;17306;671902;1187;22832;348135;234;1550
03/11/2021;11078805;1020;17495;673800;1855;28647;348565;364;2124
04/11/2021;11087441;992;19472;675075;1090;18802;348746;219;1931
05/11/2021;11094526;900;18157;675721;1066;18508;348720;217;2437
06/11/2021;11100792;554;12092;676207;527;10572;348803;124;1317
07/11/2021;11107590;449;10721;676696;408;10416;348866;109;1280
08/11/2021;11115508;745;18636;677542;722;14177;348973;141;1457
09/11/2021;11123867;1086;20609;680096;1443;23610;349189;250;1981
10/11/2021;11132102;877;20760;682438;1037;18543;349508;177;1643
11/11/2021;11139330;817;18397;683793;861;17505;349646;172;1687
12/11/2021;11147269;817;15370;684446;775;15627;349746;187;1388
13/11/2021;11154655;479;11456;685457;499;9673;349780;114;1545
14/11/2021;11162068;349;9966;686839;390;8539;349853;96;1263
15/11/2021;11169549;603;15383;687655;881;15300;349950;167;1592
16/11/2021;11176542;683;15763;688286;887;18237;350018;163;1200
17/11/2021;11183346;745;16376;689191;822;15264;350111;145;1550
18/11/2021;11189964;720;15617;689920;856;15286;350168;171;1687
19/11/2021;11195711;767;15658;690773;1046;16351;350277;198;1898
20/11/2021;11200348;422;9099;691407;686;12995;350380;176;1475
21/11/2021;11206041;294;7749;692150;508;9758;350473;136;1594
22/11/2021;11211932;635;15557;693128;1309;20988;350692;250;1773
23/11/2021;11217811;687;15903;694250;1499;23754;350932;272;2240
24/11/2021;11223230;617;15455;694978;918;16255;351029;180;1323
25/11/2021;11228295;324;8655;695449;593;10697;351068;136;1350
26/11/2021;11233004;522;21663;695973;837;16316;351131;167;1661
27/11/2021;11238012;356;9629;696399;506;10151;351210;124;1303
28/11/2021;11243677;301;9493;696841;486;9777;351334;114;1216
29/11/2021;11248976;478;14675;697406;892;14022;351433;161;1240
30/11/2021;11254284;614;19153;697938;1221;16732;351669;231;1772
01/12/2021;11259573;698;18641;698842;1600;21020;351811;342;2472
02/12/2021;11264744;691;18850;699405;1295;18050;351926;269;1733
03/12/2021;11269780;770;21109;700034;1631;19759;351958;334;2182
04/12/2021;11274327;390;12187;700728;840;14694;351994;178;1549
05/12/2021;11278913;292;9297;701442;604;10896;352015;140;1660
06/12/2021;11283687;516;16956;702036;1100;18051;352105;223;1920
07/12/2021;11288472;513;18320;702364;1380;17811;352121;287;2045
08/12/2021;11293555;564;17409;702798;1981;24195;352122;349;2151
09/12/2021;11298621;664;17204;703812;1751;22900;352228;334;2072
10/12/2021;11302811;719;17899;704733;1596;21068;352330;315;2342
11/12/2021;11306731;372;10894;705152;759;12591;352441;171;1988
12/12/2021;11311005;358;8663;705826;592;11871;352507;136;1378
13/12/2021;11315494;504;15782;706404;1630;21556;352694;313;2227
14/12/2021;11319839;616;17300;706896;1672;19330;352854;303;2248
15/12/2021;11324400;633;18322;707548;1117;18031;352918;200;1666
16/12/2021;11329635;546;17614;708307;1005;17569;352990;189;1520
17/12/2021;11334510;483;15352;708966;1141;16168;353130;199;1621
18/12/2021;11338807;283;9747;709348;648;13516;353182;131;1462
19/12/2021;11343667;275;11504;709663;570;10688;353217;130;1403
20/12/2021;11348648;460;20748;710136;842;14684;353232;160;1512
21/12/2021;11353008;454;14919;710810;896;13783;353225;179;1382
22/12/2021;11357479;429;13850;710829;807;11906;353186;165;1071
23/12/2021;11362119;457;12179;710994;851;13033;353205;148;1310
24/12/2021;11366119;244;7251;711670;439;9245;353232;102;1276
25/12/2021;11370238;201;7463;711885;379;9082;353222;73;1457
26/12/2021;11375123;239;7150;712300;359;7898;353228;47;927
27/12/2021;11381100;437;12938;712733;802;12043;353246;106;1239
28/12/2021;11387646;417;12294;713198;874;14281;353221;151;1356
29/12/2021;11394106;469;12651;713491;743;11789;353228;152;1355
30/12/2021;11399750;500;13527;713915;757;11824;353251;130;1498
31/12/2021;11404723;474;12939;714756;702;12212;353283;132;1361
01/01/2022;11409790;271;6740;715100;342;6806;353290;74;1201
02/01/2022;11416323;372;7197;715461;374;7242;353342;94;901
03/01/2022;11423281;372;7197;716104;374;7242;353407;94;901
04/01/2022;11429807;630;15410;716831;787;11586;353404;137;975
05/01/2022;11436157;660;16280;717301;771;13018;353459;169;1250
06/01/2022;11441904;767;21006;718509;1290;20583;353619;157;1340
07/01/2022;11448494;892;23105;720202;2184;26978;353985;343;1913
08/01/2022;11453855;401;13635;720619;792;13308;354057;134;1371
09/01/2022;11459602;369;11174;721009;532;10744;354135;115;1146
10/01/2022;11465898;570;18006;721522;882;13051;354253;133;1070
11/01/2022;11471946;587;19189;722156;1074;15232;354363;160;1253
12/01/2022;11477916;628;21667;722560;959;14956;354415;163;1531
13/01/2022;11483326;601;20362;723279;806;14074;354484;155;1124
14/01/2022;11488104;641;21133;723650;1076;15402;354603;184;1655
15/01/2022;11493164;343;12348;723723;580;9713;354659;123;1213
16/01/2022;11499087;238;10905;723857;361;6969;354679;90;1269
17/01/2022;11503898;334;11800;724061;445;8323;354716;86;808
18/01/2022;11508983;638;21829;724341;871;12939;354822;152;964
19/01/2022;11514579;667;23885;724881;1011;13750;354898;158;1483
20/01/2022;11520051;666;22219;725119;1005;15159;354964;140;984
21/01/2022;11525448;917;26640;725630;1535;17740;355070;195;1224
22/01/2022;11533009;568;17117;726010;581;9766;355083;88;969
23/01/2022;11539042;403;13167;726406;494;9721;355129;81;729
24/01/2022;11545863;841;30460;726835;1284;16232;355165;140;1086
25/01/2022;11551521;699;25889;727517;1019;15851;355186;153;1549
26/01/2022;11557987;659;27432;728262;1213;17919;355206;159;1493
27/01/2022;11564009;616;27607;729162;1076;14253;355266;154;1295
28/01/2022;11569209;561;24949;729775;2071;20051;355327;266;1924
29/01/2022;11570718;93;13446;730206;987;12347;355419;121;1160
30/01/2022;11570718;93;10859;730439;484;7782;355465;83;1000
31/01/2022;11571113;93;16443;730857;803;11877;355504;125;834
01/02/2022;11571113;93;18231;731259;939;14793;355516;133;1287
02/02/2022;11571966;93;19650;731525;950;13926;355505;138;948
03/02/2022;11571966;93;24713;732065;1320;16971;355555;162;1119
04/02/2022;11573318;164;21118;732533;953;14133;355612;115;1079
05/02/2022;11579263;272;14399;732894;607;12068;355638;109;944
06/02/2022;11579903;18;9715;733060;494;8681;355656;74;699
07/02/2022;11581407;43;15509;733427;709;11387;355654;95;998
08/02/2022;11586718;169;16677;734075;922;14812;355691;136;908
09/02/2022;11592105;147;17061;734698;938;17272;355703;141;1244
10/02/2022;11597314;171;21246;735527;1062;15879;355766;125;1034
11/02/2022;11601798;188;19535;736269;843;13161;355762;122;1028
12/02/2022;11606091;177;11534;736601;390;8369;355766;60;547
13/02/2022;11611733;116;10950;736702;364;6600;355770;35;403
14/02/2022;11616650;114;18257;736929;565;10803;355768;76;590
15/02/2022;11621444;160;19296;737173;601;10649;355763;88;664
16/02/2022;11626246;210;20029;737478;950;12101;355722;111;821
17/02/2022;11627774;222;21857;737782;778;11544;355713;93;710
18/02/2022;11632154;225;21530;738144;844;13841;355760;85;763
19/02/2022;11636761;140;11205;738281;591;9949;355772;75;653
20/02/2022;11640664;170;13127;738554;436;9136;355792;64;672
21/02/2022;11645016;120;16890;738840;508;9514;355797;53;564
22/02/2022;11649702;135;20053;739045;850;15035;355821;122;731
23/02/2022;11654361;134;19980;739414;812;13507;355818;116;973
24/02/2022;11661232;232;29453;739617;796;12453;355814;88;585
25/02/2022;11666653;172;15983;739704;639;12234;355775;98;740
26/02/2022;11671756;151;10927;739191;449;12202;355754;54;678
27/02/2022;11677787;120;14573;739204;333;7644;355729;32;424
28/02/2022;11683741;177;18933;739476;554;11525;355733;64;625
01/03/2022;11689372;142;19106;739769;527;10834;355727;82;767
02/03/2022;11694709;152;18527;739955;843;12611;355708;90;611
03/03/2022;11700411;147;17733;740518;829;12885;355707;80;779
04/03/2022;11705861;205;15961;741208;754;10704;355573;101;856
05/03/2022;11711182;148;11404;741569;359;7694;355590;45;645
06/03/2022;11716100;79;13746;741808;433;8583;355574;56;496
07/03/2022;11721898;162;20562;742334;1064;16746;355578;111;945
08/03/2022;11727305;208;22529;742850;722;12624;355587;95;796
09/03/2022;11730552;110;18022;743786;588;11233;355593;76;789
10/03/2022;11735806;128;17459;744062;619;11083;355610;76;836
11/03/2022;11740904;205;16933;744428;620;10726;355608;79;851
12/03/2022;11745684;156;11989;744504;355;7539;355581;43;715
13/03/2022;11750769;117;13792;744769;318;7106;355599;45;602
14/03/2022;11756592;145;18006;745149;1305;17222;355640;156;1379
15/03/2022;11762258;178;19651;745760;1091;14354;355671;134;866
16/03/2022;11768324;194;20439;746163;986;15295;355713;127;930
17/03/2022;11773296;142;18571;746348;1666;20886;355749;160;1156
18/03/2022;11779356;244;17218;746473;886;13586;355724;104;1112
19/03/2022;11783542;137;9059;746519;372;8031;355738;58;641
20/03/2022;11788565;96;10684;746561;399;8465;355775;52;563
21/03/2022;11793364;162;15232;746762;734;12416;355808;87;741
22/03/2022;11796447;365;20566;747393;2324;29299;355941;269;1474
23/03/2022;11802023;335;17301;748961;1529;21987;356254;184;1300
24/03/2022;11807629;369;18748;749696;1914;22627;356379;219;1366
25/03/2022;11812369;325;14985;750562;1486;20991;356502;166;1409
26/03/2022;11816296;185;8924;750983;697;12423;356545;84;955
27/03/2022;11820747;159;11966;751337;756;15120;356614;80;1027
28/03/2022;11825703;508;19197;752566;2032;27516;356805;241;1358
29/03/2022;11831844;337;18323;754257;2330;28769;357157;257;1907
30/03/2022;11838383;256;15370;755447;1500;20397;357360;211;1507
31/03/2022;11844375;256;15370;756641;1500;20397;357582;211;1507
01/04/2022;11851998;386;18931;758922;2846;37394;357893;327;2148
02/04/2022;11859569;323;13078;760045;1718;20841;357991;206;1535
03/04/2022;11870349;202;8617;761567;948;11911;358084;100;858
04/04/2022;11885318;228;14265;763425;1057;13617;358213;124;1019
05/04/2022;11894562;334;15599;764191;1190;15006;358309;129;1192
06/04/2022;11901616;304;16779;764677;987;13156;358362;143;1051
07/04/2022;11906991;344;17406;765060;942;12367;358389;136;1043
08/04/2022;11912304;383;15291;765464;1192;13260;358438;168;1331
09/04/2022;11917333;296;9999;765881;767;10708;358501;105;741
10/04/2022;11922760;168;8335;766250;648;10447;358502;68;674
11/04/2022;11927978;262;14492;766698;813;11069;358579;78;557
12/04/2022;11933759;350;16462;767399;1145;14834;358602;128;801
13/04/2022;11939334;349;16700;767753;963;13453;358613;124;977
14/04/2022;11944778;290;15737;768088;1163;14681;358658;128;714
15/04/2022;11949207;257;13086;768697;795;11965;358649;95;661
16/04/2022;11954015;153;10166;769044;523;9967;358657;47;662
17/04/2022;11959196;124;12880;769243;617;7688;358683;51;410
18/04/2022;11965354;188;16077;769701;492;8794;358687;60;519
19/04/2022;11970736;230;14594;769998;746;10543;358653;89;850
20/04/2022;11979556;465;20637;770428;789;11210;358687;82;562
21/04/2022;11985808;481;20841;770738;909;11010;358701;100;631
22/04/2022;11990910;383;21792;770973;2040;14012;358691;268;960
23/04/2022;11996478;376;20304;771239;796;10982;358703;126;872
24/04/2022;12002535;187;14277;771502;382;7208;358679;72;597
25/04/2022;12008756;286;19882;771833;737;10872;358681;96;636
26/04/2022;12014611;556;23583;772049;719;9508;358679;95;629
27/04/2022;12019912;501;25333;772385;790;10383;358684;103;790
28/04/2022;12024611;599;25794;772675;828;11906;358683;104;738
29/04/2022;12029311;468;24144;773120;1009;11584;358677;180;895
30/04/2022;12034762;353;22886;773505;454;8159;358680;103;591
01/05/2022;12041553;263;25073;774460;280;7539;358688;42;354
02/05/2022;12047706;377;27092;775188;535;10141;358701;74;556
03/05/2022;12053149;373;22171;775500;579;9148;358697;70;511
04/05/2022;12058162;400;20829;775942;803;10856;358689;127;639
05/05/2022;12063486;499;24600;776484;797;11287;358711;100;581
06/05/2022;12068514;455;24007;776840;752;11181;358715;94;566
07/05/2022;12073584;245;12489;777404;390;8173;358699;48;537
08/05/2022;12078896;184;12241;778024;265;6225;358692;58;667
09/05/2022;12084793;544;27833;778718;772;10809;358734;88;651
10/05/2022;12090154;511;24693;779191;904;14386;358780;111;740
11/05/2022;12095503;596;24429;779698;1094;13899;358817;148;729
12/05/2022;12102250;723;29034;780517;1403;18388;358882;159;1073
13/05/2022;12110422;482;21510;781052;751;13126;358917;91;889
14/05/2022;12117567;298;13454;781455;389;8492;358915;57;701
15/05/2022;12125144;212;13217;781868;448;7552;358924;48;482
16/05/2022;12133218;296;17525;782094;807;10306;358961;100;639
17/05/2022;12139505;299;18065;782374;574;9964;358972;78;657
18/05/2022;12142964;533;24197;782827;913;11743;358996;92;799
19/05/2022;12147560;536;27493;783587;1213;16232;359025;151;850
20/05/2022;12151985;489;26380;784146;1074;14896;359050;159;964
21/05/2022;12156405;321;20567;784610;447;8299;359037;70;673
22/05/2022;12160599;246;16108;785043;473;8822;359043;73;588
23/05/2022;12165407;370;24617;785517;1007;15612;359043;124;1311
24/05/2022;12169771;414;26243;785998;941;15990;359066;116;1068
25/05/2022;12174359;366;21703;786657;1440;18261;359180;186;1166
26/05/2022;12178847;359;21516;787348;1236;20631;359342;142;1343
27/05/2022;12183398;290;17180;787786;1028;19037;359427;132;1960
28/05/2022;12186974;193;13343;787984;480;14582;359456;63;1030
29/05/2022;12190765;180;12413;788279;466;15013;359478;58;1236
30/05/2022;12194568;217;12622;788562;512;14497;359526;55;1017
31/05/2022;12198391;272;17639;788887;846;17930;359564;98;966
01/06/2022;12202020;324;19233;789420;1517;24223;359639;182;1415
02/06/2022;12206024;340;21190;790092;1203;22837;359714;164;1321
03/06/2022;12209533;321;19715;790444;886;20011;359739;106;864
04/06/2022;12213725;170;14416;790861;448;14239;359763;58;882
05/06/2022;12217619;212;15078;791398;604;13258;359766;62;918
06/06/2022;12221501;254;19560;791857;860;17147;359806;107;1236
07/06/2022;12225600;262;18976;792468;1038;23027;359813;144;1859
08/06/2022;12229649;261;17736;793117;972;23564;359844;133;1801
09/06/2022;12233188;293;20474;793557;764;17706;359899;97;1232
10/06/2022;12236516;514;25631;793906;787;15333;359917;97;1099
11/06/2022;12240287;265;16622;794179;313;11871;359931;57;998
12/06/2022;12243865;273;18045;794481;474;12891;359948;63;658
13/06/2022;12248139;623;28254;795278;787;18687;359984;88;921
14/06/2022;12252650;451;23783;795744;772;13819;360032;103;990
15/06/2022;12257299;423;23483;796173;701;12770;360026;90;854
16/06/2022;12261512;563;28941;796503;701;12268;360034;76;563
17/06/2022;12265363;330;19886;796804;648;11603;360024;84;858
18/06/2022;12269120;295;16261;797126;363;10292;360033;59;886
19/06/2022;12272710;190;13426;797603;346;10256;360017;51;595
20/06/2022;12272931;190;15897;797927;494;10896;360028;62;560
21/06/2022;12273302;114;20127;798240;561;10229;360026;70;829
22/06/2022;12273302;114;20329;798573;581;11017;360029;56;716
23/06/2022;12272754;114;19067;798908;626;10310;360038;82;820
24/06/2022;12272754;114;16800;799148;740;10469;360033;85;818
25/06/2022;12272241;114;11287;799539;300;8069;360026;54;515
26/06/2022;12272647;116;13358;799959;437;8346;360031;25;276
27/06/2022;12278539;244;15513;800317;484;9130;360034;63;651
28/06/2022;12284129;277;17944;800651;464;8268;360030;70;802
29/06/2022;12288837;325;20654;800939;481;8339;360007;80;791
30/06/2022;12293070;335;16507;801212;426;6984;360012;73;504
01/07/2022;12296837;262;11385;801484;361;6493;360013;50;375
02/07/2022;12300267;187;10783;801689;193;5997;359999;40;516
03/07/2022;12302727;187;11538;801807;193;5839;359994;40;388
04/07/2022;12302727;41;11538;802045;180;5839;359991;32;388
05/07/2022;12301270;41;12670;802169;307;6745;359985;39;318
06/07/2022;12300921;41;16551;802499;454;7648;360043;55;511
07/07/2022;12304708;163;19234;803206;1447;20443;360183;162;1178
08/07/2022;12307702;370;19249;803468;1414;14612;360228;198;1213
09/07/2022;12310763;283;14460;803550;618;10020;360252;93;677
10/07/2022;12313794;208;12939;803661;378;7696;360276;62;771
11/07/2022;12315423;185;12717;803992;442;9612;360302;65;642
12/07/2022;12318701;220;17235;804200;1740;15494;360347;192;790
13/07/2022;12321969;411;21374;804512;1327;13442;360376;176;799
14/07/2022;12325389;418;19363;804889;1352;14497;360443;180;1183
15/07/2022;12328652;388;17200;805183;1162;12285;360388;170;951
16/07/2022;12333417;337;16268;805469;882;11938;360384;140;655
17/07/2022;12337227;237;12513;805711;494;10228;360415;72;619
18/07/2022;12340848;284;15841;806004;676;13833;360442;98;645
19/07/2022;12344470;336;16789;806438;896;12753;360491;108;662
20/07/2022;12348535;402;18197;806768;867;13685;360550;112;812
21/07/2022;12352934;374;20179;807353;1114;17875;360638;140;1091
22/07/2022;12356690;437;21750;807927;2240;26521;360813;344;1630
23/07/2022;12359475;254;13154;808168;995;15191;360947;118;1030
24/07/2022;12361792;184;8537;808337;453;10835;360998;56;550
25/07/2022;12361792;45;14711;808668;605;13131;361058;72;863
26/07/2022;12361140;45;15048;808861;643;11506;361089;88;834
27/07/2022;12361409;4;17558;809124;633;10202;361120;89;728
28/07/2022;12365141;457;22121;809458;618;11458;361186;79;662
29/07/2022;12368650;507;17564;809694;865;11796;361210;128;1011
30/07/2022;12371924;303;13542;809900;704;12281;361245;89;670
31/07/2022;12374679;202;10569;810042;344;8618;361230;37;540
01/08/2022;12374679;5;14551;810395;619;12514;361260;53;528
02/08/2022;12373945;5;17067;810811;1281;15775;361273;112;750
03/08/2022;12377937;25;19039;811219;968;13245;361246;164;966
04/08/2022;12384344;25;19039;811601;968;13245;361267;164;966
05/08/2022;12388555;510;20050;811901;800;10199;361300;133;763
06/08/2022;12391806;639;16570;812409;1256;15709;361326;161;850
07/08/2022;12394671;290;12962;812698;626;12320;361339;78;841
08/08/2022;12399590;564;19257;813486;768;13302;361412;104;710
09/08/2022;12404734;973;23051;814022;1009;13269;361457;142;939
10/08/2022;12409128;914;22344;814435;708;9251;361476;103;905
11/08/2022;12413200;837;21159;814868;740;9514;361477;113;786
12/08/2022;12416969;575;15448;815253;732;9060;361500;123;806
13/08/2022;12420316;738;14684;815455;482;7802;361503;86;581
14/08/2022;12423694;327;11611;815573;362;7325;361501;60;641
15/08/2022;12428039;690;18098;815774;441;7966;361511;47;436
16/08/2022;12437343;1573;29100;816507;690;9160;361470;104;592
17/08/2022;12447221;2272;47313;817249;783;10605;361490;123;653
18/08/2022;12456205;2311;48735;817944;760;9253;361509;88;448
19/08/2022;12463962;3202;61334;818610;1018;13063;361529;123;913
20/08/2022;12469382;1068;25223;819008;548;8142;361518;92;635
21/08/2022;12474579;482;14761;819234;260;5620;361520;47;505
22/08/2022;12479747;651;21838;819411;422;7201;361509;52;401
23/08/2022;12484186;657;19422;819595;528;7374;361537;87;508
24/08/2022;12488253;735;20265;820222;533;7038;361545;72;526
25/08/2022;12492114;628;18808;820488;515;7197;361549;76;420
26/08/2022;12495371;674;19641;820676;458;6311;361542;59;381
27/08/2022;12497876;478;15884;820840;318;5874;361561;45;312
28/08/2022;12500730;311;15523;821030;283;5561;361555;30;212
29/08/2022;12504203;738;22711;821464;480;7757;361562;49;356
30/08/2022;12508111;744;24251;822054;606;9037;361562;75;518
31/08/2022;12511494;744;24251;822575;606;9037;361580;75;518
01/09/2022;12513446;918;24750;822861;426;6802;361614;46;372
02/09/2022;12512742;86;19661;823036;426;6062;361616;56;358
03/09/2022;12511783;86;19218;823148;324;5743;361600;49;379
04/09/2022;12515327;115;13657;823289;216;6941;361610;36;293
05/09/2022;12518848;478;19542;823492;289;6026;361635;23;240
06/09/2022;12522810;332;19139;823731;293;4765;361648;38;255
07/09/2022;12527141;461;22101;824030;396;6423;361671;67;433
08/09/2022;12531069;411;20609;824358;776;10933;361673;99;534
09/09/2022;12534789;332;16072;824585;493;6931;361733;62;608
10/09/2022;12538109;338;12825;824733;359;5893;361748;55;419
11/09/2022;12541667;212;10053;824883;182;6251;361737;31;415
12/09/2022;12544997;294;13063;825117;205;6022;361746;23;253
13/09/2022;12549072;357;16999;825458;418;6278;361741;51;440
14/09/2022;12553945;438;19109;825533;410;6625;361715;50;424
15/09/2022;12558107;373;18637;825838;504;6941;361729;67;455
16/09/2022;12562210;443;19202;826005;535;7660;361721;53;472
17/09/2022;12565815;314;11656;826096;375;7140;361711;52;478
18/09/2022;12569119;194;8394;826187;173;6073;361697;34;460
19/09/2022;12572855;229;13661;826340;186;4967;361682;24;315
20/09/2022;12576665;268;12797;826453;338;5538;361666;62;422
21/09/2022;12581371;344;16183;826678;372;5546;362252;46;332
22/09/2022;12585567;423;19595;827073;392;5837;362876;54;373
23/09/2022;12590079;429;21548;826937;419;7366;363328;54;360
24/09/2022;12593926;207;4213;827540;199;1393;364095;30;103
25/09/2022;12597990;103;908;827721;71;523;364577;9;23
26/09/2022;12603088;146;1657;828104;119;816;365165;17;13
27/09/2022;12608209;318;17655;828310;287;5208;365626;29;163
28/09/2022;12617912;432;20282;828680;412;6918;366530;40;379
29/09/2022;12637203;461;21751;829165;435;7582;367961;51;361
30/09/2022;12657686;492;21459;829641;418;6635;369381;44;355
01/10/2022;12683136;427;15755;830204;347;11179;370762;35;423
02/10/2022;12709446;300;11446;831211;275;9182;371979;15;261
03/10/2022;12730446;469;17390;832160;400;6752;373341;37;280
04/10/2022;12749165;586;20077;832937;440;7057;374399;45;289
05/10/2022;12767815;545;19535;833443;328;5658;375403;41;252
06/10/2022;12783684;542;18773;833804;375;6796;376494;37;280
07/10/2022;12795026;567;22308;833909;467;8212;377200;52;381
08/10/2022;12805105;414;16603;834078;324;7659;377861;21;348
09/10/2022;12816851;293;12122;834356;186;5780;378671;22;256
10/10/2022;12827786;361;16419;834746;268;7346;379290;26;279
11/10/2022;12836859;462;19331;835073;338;5675;379964;47;306
12/10/2022;12845892;414;19875;835553;522;8746;380588;58;387
13/10/2022;12853959;581;24555;835734;381;6008;381064;48;337
14/10/2022;12859438;481;18882;836000;386;5957;381088;40;213
15/10/2022;12865077;345;11927;836306;251;8184;381098;32;335
16/10/2022;12871146;208;10500;836470;145;5205;381110;12;195
17/10/2022;12876471;292;14790;836666;275;6219;381105;38;245
18/10/2022;12881720;333;18114;836896;505;8222;381123;56;296
19/10/2022;12887833;451;19740;837023;397;6253;381156;29;283
20/10/2022;12894856;464;20002;837187;410;6208;381248;47;568
21/10/2022;12901819;465;19602;837286;382;6978;381270;45;459
22/10/2022;12908934;315;12252;837424;205;9462;381262;26;334
23/10/2022;12917101;203;9359;837496;189;6183;381270;12;285
24/10/2022;12925349;374;14684;837685;309;7900;381318;32;246
25/10/2022;12933366;473;14947;837907;350;6017;381339;37;239
26/10/2022;12940972;465;18062;838162;396;5590;381340;31;184
27/10/2022;12948179;646;21614;838503;538;7355;381357;54;370
28/10/2022;12955757;658;23059;839095;845;14595;381438;61;548
29/10/2022;12962517;371;12826;839353;297;9432;381542;36;427
30/10/2022;12968990;190;10988;839491;299;6736;381599;21;299
31/10/2022;12975572;427;15265;840954;938;11878;381739;111;673
01/11/2022;12982551;464;16941;841868;463;6834;381797;59;480
02/11/2022;12989653;514;19562;842012;433;6864;381874;45;365
03/11/2022;12996344;452;17213;842153;342;5244;381881;33;239
04/11/2022;13002505;516;18930;842300;359;6013;381900;44;359
05/11/2022;13008974;251;12086;842347;260;5388;381930;26;327
06/11/2022;13016512;262;10971;842462;377;5055;381942;32;358
07/11/2022;13023757;382;16381;842636;321;5723;381965;42;378
08/11/2022;13030194;426;17349;842785;446;5517;381962;45;283
09/11/2022;13036415;440;18537;842922;487;6100;381973;57;391
10/11/2022;13043190;605;18450;843084;411;6167;381976;58;406
11/11/2022;13049526;481;17186;843429;367;5372;382007;36;575
12/11/2022;13056630;298;10734;844065;293;6195;382031;32;354
13/11/2022;13063354;227;8646;844183;288;5647;382054;32;294
14/11/2022;13072697;303;12334;844869;416;7390;382095;66;387
15/11/2022;13079399;390;15117;845198;404;7165;382107;56;441
16/11/2022;13085592;375;15692;845559;437;7232;382134;46;451
17/11/2022;13091428;321;14670;845790;423;7085;382145;48;519
18/11/2022;13094771;190;14051;845909;425;7565;382161;46;459
19/11/2022;13101092;39;11866;845986;432;6364;382157;72;509
20/11/2022;13106854;195;11744;846259;344;5868;382168;43;497
21/11/2022;13111826;294;12662;846544;643;9240;382177;72;404
22/11/2022;13116443;316;14224;846774;719;10412;382205;80;568
23/11/2022;13120954;345;14458;846943;446;7425;382228;65;621
24/11/2022;13125286;207;9716;847012;269;6286;382233;33;572
25/11/2022;13129469;207;10564;847084;267;6895;382241;28;283
26/11/2022;13134007;207;7692;847213;183;7634;382244;27;637
27/11/2022;13138631;177;8835;847283;189;7413;382259;16;355
28/11/2022;13143080;267;12531;847407;321;5977;382260;41;254
29/11/2022;13148021;310;14449;847521;391;5438;382267;48;462
30/11/2022;13152630;404;15488;847835;363;5639;382257;36;348
01/12/2022;13159144;359;14257;848070;366;5550;382234;30;339
02/12/2022;13166372;311;14129;848243;309;7122;382224;43;415
03/12/2022;13173262;202;8198;848331;176;7079;382212;27;253
04/12/2022;13181160;195;7585;848411;204;5754;382227;35;354
05/12/2022;13189101;293;11042;848532;282;5163;382249;38;223
06/12/2022;13196691;409;14067;848666;336;5989;382241;52;351
07/12/2022;13204370;408;16123;848885;737;9829;382268;67;487
08/12/2022;13211824;384;13315;849069;837;8457;382262;69;637
09/12/2022;13219686;333;12994;849166;494;9101;382263;55;626
10/12/2022;13226241;242;8926;849276;324;8904;382351;31;431
11/12/2022;13233116;233;10673;849331;263;5333;382366;42;409
12/12/2022;13240072;398;13935;849393;419;6372;382349;60;521
13/12/2022;13247322;444;16906;849638;459;7574;382365;38;494
14/12/2022;13254640;437;17424;849859;367;6325;382375;47;429
15/12/2022;13262546;405;15917;850111;371;5741;382415;52;630
16/12/2022;13269547;424;15160;850325;352;5239;382431;40;386
17/12/2022;13275746;240;9632;850412;179;5055;382449;16;302
18/12/2022;13281782;219;9273;850468;152;5591;382448;20;501
19/12/2022;13287777;340;12870;850636;332;5860;382451;41;239
20/12/2022;13295089;407;16353;850776;334;5199;382465;35;232
21/12/2022;13301237;323;13443;850903;350;5722;382450;42;329
22/12/2022;13307263;541;16646;851032;409;5930;382450;51;357
23/12/2022;13314332;351;14075;851097;265;4941;382439;36;462
24/12/2022;13321124;223;8514;851117;169;5168;382425;22;409
25/12/2022;13327001;207;7194;851183;279;6794;382427;19;206
26/12/2022;13333665;251;10076;851289;263;5711;382503;19;227
27/12/2022;13340900;423;13569;851434;327;5678;382523;41;278
28/12/2022;13348188;422;14239;851632;369;5849;382508;48;485
29/12/2022;13355468;369;13604;851796;269;4317;382502;29;277
30/12/2022;13362206;376;10053;851979;277;4433;382492;54;353
31/12/2022;13368766;222;7828;852106;182;3805;382491;22;395
01/01/2023;13375471;178;7397;852115;138;3152;382459;13;233
02/01/2023;13383610;198;9240;852359;165;2970;382492;20;225
03/01/2023;13391388;388;11578;852418;296;4861;382501;40;329
04/01/2023;13399646;407;11152;852525;311;5342;382507;44;233
05/01/2023;13407187;444;11190;852752;481;6135;382500;43;238
06/01/2023;13414166;411;10267;853012;325;4953;382474;48;254
07/01/2023;13421085;233;6412;853032;157;3510;382466;15;120
08/01/2023;13429134;205;7055;853108;146;4017;382469;16;118
09/01/2023;13436408;334;10929;853361;368;5497;382475;47;303
10/01/2023;13443931;302;10691;853690;383;5274;382460;40;302
11/01/2023;13451478;405;13076;854647;358;5536;382473;38;235
12/01/2023;13458950;592;15622;854772;382;5572;382487;45;350
13/01/2023;13466891;444;12912;854921;303;3898;382504;42;280
14/01/2023;13474329;238;7125;855215;175;4585;382499;18;282
15/01/2023;13481301;195;7090;855372;145;3920;382492;27;229
16/01/2023;13488560;195;8083;855520;145;3940;382543;27;357
17/01/2023;13495742;225;8083;855690;279;3940;382556;42;357
18/01/2023;13500066;355;10774;855894;296;4229;382588;36;382
19/01/2023;13504190;353;12132;856218;358;5119;382605;52;278
20/01/2023;13507991;344;11900;856340;338;5260;382602;44;284
21/01/2023;13511961;335;10249;856572;312;4753;382604;41;281
22/01/2023;13515858;211;7185;856701;140;3667;382606;20;186
23/01/2023;13520881;178;7872;856775;172;4418;382632;18;267
24/01/2023;13526037;257;12988;857065;367;5410;382645;47;356
25/01/2023;13530977;311;15242;857286;388;5171;382656;34;241
26/01/2023;13535366;355;13405;857389;440;4611;382663;46;343
27/01/2023;13540579;391;13175;857536;289;4192;382667;27;225
28/01/2023;13546414;456;11866;857719;332;5180;382667;35;325
29/01/2023;13554200;223;7798;857816;154;3504;382665;15;280
30/01/2023;13559472;278;10793;857917;155;3496;382659;23;221
31/01/2023;13564302;382;12046;858013;210;3718;382660;18;183
01/02/2023;13568956;469;14302;858250;279;4538;382654;33;231
02/02/2023;13573945;608;19071;858406;273;3773;382663;25;205
03/02/2023;13578117;663;19169;858639;373;5215;382679;51;416
04/02/2023;13582152;393;10900;858824;252;4124;382718;26;435
05/02/2023;13586598;232;8618;858953;123;3518;382723;18;234
06/02/2023;13590925;283;11220;859115;217;3220;382771;18;127
07/02/2023;13595012;488;12593;859319;283;4908;382779;24;235
08/02/2023;13598969;437;15158;859385;218;3485;382788;18;153
09/02/2023;13602598;343;12500;859604;207;3682;382793;22;144
10/02/2023;13606494;388;13883;859661;251;3654;382787;35;251
11/02/2023;13609896;285;8800;859687;151;3166;382783;23;262
12/02/2023;13613506;208;8043;859720;104;4192;382886;12;224
13/02/2023;13616901;232;10547;859799;151;3305;382901;15;137
14/02/2023;13619945;328;13525;859948;232;2967;382917;26;199
15/02/2023;13623142;350;11737;860025;212;2823;382900;17;180
16/02/2023;13626959;406;12484;860162;252;3853;382897;21;240
17/02/2023;13630741;374;13055;860231;211;3428;382914;25;247
18/02/2023;13633736;245;9750;860224;186;2527;382910;32;226
19/02/2023;13637061;194;6484;860235;97;2605;382935;13;137
20/02/2023;13640730;210;7572;860310;120;2272;382933;21;221
21/02/2023;13644261;234;9416;860308;146;2596;382937;17;186
22/02/2023;13647702;253;10097;860357;180;2816;382937;30;168
23/02/2023;13651141;305;10727;860475;248;3350;382969;28;167
24/02/2023;13654371;269;10845;860619;218;3119;382973;29;237
25/02/2023;13657949;185;6704;860633;160;2390;383009;15;177
26/02/2023;13661035;138;4902;860708;98;1652;382989;13;108
27/02/2023;13663955;217;7781;860777;141;2634;382991;16;101
28/02/2023;13666678;237;8975;860792;194;2689;382976;17;166
01/03/2023;13669544;288;10636;860888;201;2716;382975;14;127
02/03/2023;13672223;248;10388;861026;186;2976;382949;20;145
03/03/2023;13673534;165;10049;861128;171;2685;382920;26;242
04/03/2023;13673534;165;5470;861161;123;2548;382909;14;137
05/03/2023;13673534;165;5361;861213;91;1869;382888;10;104
06/03/2023;13683123;31;7562;861410;141;2555;382876;18;174
07/03/2023;13686073;200;9470;861470;195;2773;382859;18;186
08/03/2023;13689058;173;10645;861545;265;3387;382845;26;213
09/03/2023;13692046;256;10530;861681;299;3820;382902;33;291
10/03/2023;13695328;417;15953;862447;510;5854;382917;31;219
11/03/2023;13699435;383;12174;863601;376;6135;382919;33;244
12/03/2023;13703731;389;13406;864316;295;4366;383039;41;360
13/03/2023;13708924;706;24855;865225;643;7995;383053;39;329
14/03/2023;13713401;302;13998;865668;294;4610;383090;20;189
15/03/2023;13719071;352;13687;866580;532;6517;383098;42;243
16/03/2023;13723847;385;13670;867126;398;5945;383102;23;216
17/03/2023;13727777;377;13708;867383;397;5471;383181;37;345
18/03/2023;13731651;235;7808;867546;237;3677;383173;26;208
19/03/2023;13736252;285;9988;867961;275;4552;383166;22;221
20/03/2023;13741200;420;15206;868797;503;8776;383213;44;297
21/03/2023;13745780;426;13983;869560;1042;12198;383349;107;698
22/03/2023;13750147;424;15583;870525;954;13440;383624;98;819
23/03/2023;13754444;402;13567;870870;508;6913;383915;49;455
24/03/2023;13758373;323;13448;871302;462;6894;384139;47;299
25/03/2023;13761415;202;7572;871628;266;4901;384280;33;281
26/03/2023;13764896;179;8158;871921;272;4696;384431;29;428
27/03/2023;13768182;253;11956;872239;433;6542;384575;44;361
28/03/2023;13771373;316;10544;872447;571;7216;384619;48;338
29/03/2023;13774906;284;10758;872788;558;9074;384655;52;494
30/03/2023;13779116;329;11544;872983;345;5859;384659;30;218
31/03/2023;13782814;312;12561;873189;332;5194;384740;43;290
01/04/2023;13786284;151;6864;873312;198;3498;384726;18;231
02/04/2023;13789883;164;6862;873438;143;2550;384753;13;159
03/04/2023;13793903;220;10838;873764;245;4165;384794;25;211
04/04/2023;13797684;232;9427;873937;231;4303;384784;29;260
05/04/2023;13800731;273;11027;874144;258;4113;384776;25;187
06/04/2023;13803291;219;10533;874227;247;3587;384766;23;209
07/04/2023;13805860;160;6835;874326;162;2962;384782;24;193
08/04/2023;13808317;121;5887;874382;98;2253;384767;16;140
09/04/2023;13810905;98;6720;874416;109;2754;384757;13;129
10/04/2023;13813831;190;8739;874454;174;2853;384757;21;153
11/04/2023;13816828;264;9277;874986;268;3143;384746;13;228
12/04/2023;13819389;256;12612;875104;239;3952;384753;29;202
13/04/2023;13822274;254;11146;875275;236;3608;384742;19;247
14/04/2023;13824579;239;9539;875417;194;2991;384744;21;203
15/04/2023;13826777;135;6132;875482;102;2224;384789;4;63
16/04/2023;13829397;116;5794;875501;120;2130;384785;13;102
17/04/2023;13831890;189;8338;875549;218;3457;384775;12;144
18/04/2023;13834707;238;9986;875812;430;6285;384961;35;375
19/04/2023;13837314;233;10801;876175;318;4590;384982;19;340
20/04/2023;13840023;260;11130;876348;305;3855;385008;40;331
21/04/2023;13842432;192;9542;876377;250;3324;385054;23;236
22/04/2023;13844710;127;5801;876478;132;2399;385077;24;186
23/04/2023;13847628;168;7469;876550;151;2507;385154;9;79
24/04/2023;13850580;239;9998;876673;209;2946;385159;20;169
25/04/2023;13853342;362;12102;876723;245;3794;385163;24;212
26/04/2023;13856215;328;12052;876819;264;3498;385149;36;189
27/04/2023;13859875;348;12033;876869;324;3779;385188;30;236
28/04/2023;13864146;361;10937;877566;271;10507;385240;22;173
29/04/2023;13867598;168;7363;878061;135;2746;385249;16;168
30/04/2023;13870918;176;7003;878145;100;2763;385257;7;80
01/05/2023;13874647;271;10843;878251;229;3810;385264;22;145
02/05/2023;13878385;323;11989;878454;299;3830;385268;24;298
03/05/2023;13882000;320;14241;878572;316;3875;385303;42;197
04/05/2023;13885537;327;11816;878715;332;3478;385309;32;159
05/05/2023;13889328;266;10691;878892;230;3922;385330;36;236
06/05/2023;13892668;104;5375;878955;142;3227;385328;19;295
07/05/2023;13896164;125;7110;879052;199;3112;385348;13;211
08/05/2023;13899838;182;8167;879505;179;8848;385352;17;106
09/05/2023;13903229;182;8167;880078;179;8848;385379;17;106
10/05/2023;13906795;224;10616;880209;175;2584;385378;15;110
11/05/2023;13910004;238;9373;880320;195;2914;385392;27;245
12/05/2023;13912861;146;9554;880449;275;4796;385395;28;448
13/05/2023;13915469;125;6881;880569;217;3150;385388;11;148
14/05/2023;13918218;81;5064;880612;108;2258;385366;15;160
15/05/2023;13921185;127;6983;880709;181;2625;385373;19;130
16/05/2023;13924163;163;8225;880836;234;3346;385376;23;110
17/05/2023;13926736;154;8589;880953;211;3764;385390;18;129
18/05/2023;13929621;230;9032;881086;194;3078;385401;30;192
19/05/2023;13932592;258;10744;881140;168;2591;385418;26;165
20/05/2023;13935124;119;6807;881190;141;2672;385428;28;186
21/05/2023;13937861;92;4567;881190;108;1689;385471;10;79
22/05/2023;13940678;120;7632;881295;205;3261;385490;25;218
23/05/2023;13943341;177;8918;881390;252;4503;385519;35;252
24/05/2023;13945735;182;9022;881893;217;3387;385516;32;189
25/05/2023;13948216;333;12780;881945;176;2698;385507;26;282
26/05/2023;13950795;281;10119;882105;161;2530;385521;20;304
27/05/2023;13953082;178;7980;882143;109;2666;385510;17;134
28/05/2023;13955266;125;6056;882187;54;1494;385504;14;206
29/05/2023;13957538;106;6666;882204;78;1641;385556;9;149
30/05/2023;13960294;150;7966;882327;120;2047;385572;17;134
31/05/2023;13962872;199;9463;882684;201;3238;385583;18;141
01/06/2023;13965391;232;9425;882771;238;3255;385598;23;192
02/06/2023;13967983;214;9766;882849;163;2951;385645;13;104
03/06/2023;13970286;126;6169;882903;145;2496;385647;16;100
04/06/2023;13972686;97;5314;882943;100;1863;385655;15;77
05/06/2023;13975097;166;10037;883336;217;3111;385668;24;107
06/06/2023;13977453;197;10658;883467;220;3449;385727;16;137
07/06/2023;13979791;214;9980;883724;550;7040;385816;44;318
08/06/2023;13982010;223;9581;884002;517;7553;385879;53;609
09/06/2023;13983994;219;10136;884146;248;3903;385893;36;214
10/06/2023;13985745;114;6771;884314;142;2906;385912;20;201
11/06/2023;13985745;15;5903;884541;86;1812;385948;11;121
12/06/2023;13988554;15;12499;884825;163;3702;385968;18;196
13/06/2023;13991337;83;16296;885138;367;5636;386000;35;384
14/06/2023;13993614;245;14540;885304;210;3724;386045;16;266
15/06/2023;13995767;222;14103;885434;235;4824;386119;28;341
16/06/2023;13997520;233;12575;885502;195;3186;386131;32;276
17/06/2023;13999771;143;10613;885600;92;2259;386131;11;256
18/06/2023;14001528;98;6635;885605;87;1857;386157;17;177
19/06/2023;14003778;131;7678;885671;95;2004;386180;19;297
20/06/2023;14006361;155;9078;885794;160;2870;386193;17;172
21/06/2023;14008716;199;11268;885899;154;2769;386215;16;144
22/06/2023;14010939;203;9849;885977;146;2222;386215;32;234
23/06/2023;14013333;222;11954;886064;161;2354;386216;21;272
24/06/2023;14015798;130;8146;886199;90;1953;386221;14;143
25/06/2023;14018124;85;6005;886300;61;1489;386220;6;133
26/06/2023;14020523;135;8715;886358;112;2099;386226;10;125
27/06/2023;14022861;167;7447;886598;137;2172;386232;21;152
28/06/2023;14025050;187;10057;886785;143;2568;386232;11;101
29/06/2023;14027246;164;9902;886876;138;2070;386266;15;92
30/06/2023;14029603;196;10124;887020;112;2064;386279;18;121
01/07/2023;14032502;104;5966;887344;59;1745;386292;7;111
02/07/2023;14034819;112;5596;887515;57;1405;386302;12;106
03/07/2023;14037290;154;7261;887648;96;1831;386308;17;94
04/07/2023;14039678;110;5528;887765;75;1465;386335;15;133
05/07/2023;14042084;158;7923;887895;108;1943;386355;17;159
06/07/2023;14044958;192;9103;888031;174;2514;386364;24;117
07/07/2023;14047797;119;8289;888195;118;2117;386374;19;123
08/07/2023;14050399;74;4663;888274;92;1801;386363;6;108
09/07/2023;14053029;84;6072;888376;59;1487;386363;8;151
10/07/2023;14055772;143;7841;888455;129;1746;386366;13;97
11/07/2023;14058543;167;8569;888553;155;1928;386378;12;123
12/07/2023;14061453;175;8608;888684;102;1393;386415;17;107
13/07/2023;14064394;139;4601;888784;85;780;386417;13;55
14/07/2023;14067399;73;2183;888910;40;543;386442;13;30
15/07/2023;14070094;46;1513;889048;31;421;386452;2;11
16/07/2023;14072797;41;1653;889171;32;354;386574;5;24
17/07/2023;14075923;78;2421;889472;76;615;386604;12;26
18/07/2023;14078700;82;2294;889606;60;543;386611;6;36
19/07/2023;14081790;106;3020;889661;68;428;386628;8;53
20/07/2023;14085515;94;2568;889781;79;480;386691;17;51
21/07/2023;14089545;94;2568;889871;79;480;386689;17;51
22/07/2023;14092656;42;1274;889964;37;340;386704;7;35
23/07/2023;14096098;45;1096;890184;43;327;386725;5;35
24/07/2023;14101013;55;1994;890289;62;456;386763;9;35
25/07/2023;14106172;77;2301;890477;49;574;386790;7;44
26/07/2023;14109438;93;2962;890745;67;561;386811;5;41
27/07/2023;14112316;82;2818;890919;65;459;386816;14;48
28/07/2023;14115477;99;2475;890991;48;404;386830;4;15
29/07/2023;14118269;55;1609;891078;39;284;386849;8;24
30/07/2023;14121241;52;1699;891152;34;280;386856;3;14
31/07/2023;14124407;77;2335;891257;63;405;386860;10;35
01/08/2023;14127737;92;2648;891381;51;414;386871;4;36
02/08/2023;14131141;91;3346;891546;45;353;386878;4;23
03/08/2023;14134502;100;2863;891729;72;402;386880;12;39
04/08/2023;14137675;89;2199;891862;49;364;386889;17;35
05/08/2023;14140294;48;1380;891977;26;274;386893;5;29
06/08/2023;14142906;40;1242;892042;24;239;386906;4;32
07/08/2023;14145715;57;1995;892113;36;467;386921;10;37
08/08/2023;14147765;116;2275;892194;49;406;386935;9;37
09/08/2023;14149821;94;1916;892330;45;344;386945;6;33
10/08/2023;14151214;74;1707;892402;43;302;386950;3;21
11/08/2023;14151214;72;1623;892402;41;341;386950;6;19
12/08/2023;14151214;44;1185;892402;34;239;386950;1;11
13/08/2023;14151214;38;1271;892402;13;183;386950;5;20
14/08/2023;14151214;65;1769;892402;44;304;386950;8;26
15/08/2023;14151214;88;1868;892402;49;331;386950;10;20
17/08/2023;14177829;67;1710;893149;40;337;387099;9;26
18/08/2023;14181962;91;1872;893279;48;321;387118;9;22
19/08/2023;14185724;56;1383;893367;41;197;387125;7;22
20/08/2023;14189401;33;891;893439;15;195;387151;2;12
21/08/2023;14193489;46;1530;893512;21;199;387162;3;23
22/08/2023;14197702;70;1838;893530;43;225;387178;4;15
23/08/2023;14201770;73;1807;893605;57;409;387169;7;27
24/08/2023;14205797;120;2440;893668;59;446;387208;16;25
25/08/2023;14209675;86;1875;893718;64;362;387205;10;30
26/08/2023;14213254;79;1711;893773;44;362;387193;6;25
27/08/2023;14216474;32;1087;893847;20;186;387200;4;10
28/08/2023;14221179;45;1125;893960;24;236;387216;5;23
29/08/2023;14224551;85;1519;894051;43;255;387206;7;42
30/08/2023;14228906;92;1663;894136;47;292;387211;5;17
31/08/2023;14232268;61;1513;894218;43;254;387206;2;9
01/09/2023;14235130;65;1223;894261;44;257;387203;8;14
02/09/2023;14238024;54;1182;894303;40;200;387195;5;17
03/09/2023;14241224;39;727;894340;16;100;387173;5;9
04/09/2023;14244294;29;729;894393;17;147;387173;1;7
05/09/2023;14247605;40;954;894867;34;250;387150;1;3
06/09/2023;14251309;56;1559;895005;66;351;387166;8;22
07/09/2023;14253849;83;1561;895092;117;665;387166;12;49
08/09/2023;14256848;69;1323;895130;79;479;387154;5;36
09/09/2023;14259265;60;1271;895139;56;403;387151;5;16
10/09/2023;14262034;36;884;895134;41;249;387145;2;5
11/09/2023;14264715;49;946;895151;51;266;387122;5;11
12/09/2023;14267281;72;1335;895283;91;487;387119;10;27
13/09/2023;14270195;82;1668;895447;57;340;387142;8;29
14/09/2023;14273289;60;1286;895678;45;273;387152;10;17
15/09/2023;14276422;78;1326;895762;58;290;387161;5;19
16/09/2023;14278796;48;1157;895796;49;270;387147;2;21
17/09/2023;14281318;45;941;895816;35;189;387164;8;7
18/09/2023;14283992;59;1434;895870;29;264;387174;4;38
19/09/2023;14286924;85;1483;895976;49;364;387170;10;47
20/09/2023;14289706;78;1576;896040;44;346;387167;6;26
21/09/2023;14293278;97;1952;896216;47;312;387176;7;20
22/09/2023;14296311;78;1544;896651;71;343;387184;10;21
23/09/2023;14299588;47;1070;896738;40;243;387182;10;32
24/09/2023;14302581;36;759;896780;19;187;387187;3;27
25/09/2023;14306687;44;1143;896895;42;213;387192;8;23
26/09/2023;14310329;64;1448;897053;56;261;387200;8;19
27/09/2023;14313986;71;1883;897456;49;283;387215;8;20
28/09/2023;14317323;82;1816;897621;100;500;387229;16;47
29/09/2023;14320635;84;1837;898038;110;642;387235;13;39
30/09/2023;14324432;45;1226;898132;52;334;387247;14;35
01/10/2023;14328873;41;1370;898194;29;213;387261;5;53
02/10/2023;14332803;46;1483;898262;62;327;387254;12;53
03/10/2023;14337019;66;1455;898402;80;417;387269;11;44
04/10/2023;14340878;70;1765;898497;77;383;387287;17;51
05/10/2023;14344350;56;1448;898603;76;309;387293;13;44
06/10/2023;14348072;82;2017;898696;65;329;387309;10;52
07/10/2023;14351401;55;1243;898780;28;191;387309;9;30
08/10/2023;14354675;33;1097;898854;25;216;387322;2;14
09/10/2023;14358039;60;1443;898916;42;304;387316;5;13
10/10/2023;14361173;54;1506;898986;52;381;387350;8;28
11/10/2023;14364392;58;1345;899066;46;238;387351;6;15
12/10/2023;14367239;58;1761;899120;61;305;387356;5;12
13/10/2023;14369746;60;1704;899224;47;292;387343;18;34
14/10/2023;14372585;33;1226;899330;40;385;387349;5;37
15/10/2023;14375533;27;1244;899375;32;236;387373;2;24
16/10/2023;14378493;44;1488;899427;49;295;387364;13;18
17/10/2023;14381413;43;1500;899541;43;378;387360;11;31
18/10/2023;14384484;48;1914;899796;62;390;387365;16;29
19/10/2023;14387273;98;2411;899886;122;480;387366;16;49
20/10/2023;14389790;72;2016;900318;82;566;387381;25;77
21/10/2023;14392101;51;1202;901408;27;233;387378;8;27
22/10/2023;14394631;44;1217;902378;15;174;387381;12;23
23/10/2023;14397365;55;1692;902807;55;268;387394;6;23
24/10/2023;14400100;65;1634;903101;42;367;387392;9;34
25/10/2023;14402841;62;1932;903265;59;296;387382;9;21
26/10/2023;14406499;75;2424;903661;65;260;387396;11;33
27/10/2023;14409070;77;2072;903763;55;327;387399;13;17
28/10/2023;14411547;68;1252;903818;35;254;387395;10;37
29/10/2023;14414417;29;981;903918;25;170;387408;12;17
30/10/2023;14417682;63;1699;904036;53;311;387412;13;25
31/10/2023;14420565;66;1581;904206;52;384;387442;11;27
01/11/2023;14423078;84;1888;904336;57;334;387433;7;18
02/11/2023;14425704;96;1831;904400;58;352;387459;10;31
03/11/2023;14428293;86;1580;904491;59;363;387462;10;25
04/11/2023;14430932;46;928;904553;31;197;387462;4;7
05/11/2023;14434171;34;703;904645;28;143;387461;4;11
06/11/2023;14437350;76;1310;904756;43;218;387464;2;26
07/11/2023;14441302;63;1444;904871;43;273;387473;5;15
08/11/2023;14445943;64;1433;905034;44;285;387479;8;20
09/11/2023;14450258;72;1538;905113;52;367;387489;10;28
10/11/2023;14454325;68;1458;905189;54;334;387496;9;42
11/11/2023;14458512;46;1043;905248;35;255;387497;9;38
12/11/2023;14462373;40;1088;905319;29;204;387506;7;36
13/11/2023;14466870;53;1502;905458;73;370;387530;10;38
14/11/2023;14471336;57;1679;905596;63;300;387542;7;33
15/11/2023;14475390;57;1679;905705;63;300;387533;7;33
16/11/2023;14479525;59;1461;905870;46;239;387597;6;12
17/11/2023;14483898;76;2205;906010;55;335;387619;8;31
18/11/2023;14487537;73;1655;906128;41;258;387620;7;37
19/11/2023;14491267;40;927;906193;16;167;387613;1;21
20/11/2023;14495340;55;1413;906255;24;225;387620;7;20
21/11/2023;14499317;80;1568;906393;45;243;387669;9;16
22/11/2023;14503272;63;1770;906485;50;278;387676;13;10
23/11/2023;14506677;53;1035;906543;33;186;387680;4;14
24/11/2023;14509859;34;971;906604;26;165;387676;5;11
25/11/2023;14512935;32;892;906691;24;143;387663;7;10
26/11/2023;14517138;26;966;906801;22;109;387668;4;11
27/11/2023;14521977;48;1678;906917;35;214;387675;4;6
28/11/2023;14525068;75;1368;907064;66;390;387699;9;34
29/11/2023;14529084;96;1852;907515;114;739;387882;23;83
30/11/2023;14533800;116;3182;907856;142;924;387960;15;99
01/12/2023;14537773;67;1851;908182;54;347;388044;8;27
02/12/2023;14541562;65;1497;908375;62;325;388125;4;44
03/12/2023;14545731;40;1105;908554;20;150;388167;3;5
04/12/2023;14550116;92;1705;908854;83;359;388235;3;24
05/12/2023;14554186;173;4866;909142;139;1272;388284;16;87
06/12/2023;14559011;205;5620;909488;161;1320;388362;22;104
07/12/2023;14563518;173;6779;910092;327;3191;388405;43;294
08/12/2023;14568301;180;6344;910501;257;1991;388447;28;172
09/12/2023;14572498;140;4448;910753;98;1275;388483;15;114
10/12/2023;14576985;94;3616;910980;56;803;388508;10;101
11/12/2023;14581822;156;5010;911202;65;896;388531;14;120
12/12/2023;14587336;29;916;911372;24;164;388538;2;11
13/12/2023;14583741;35;880;910959;19;134;388387;4;14
14/12/2023;14589656;52;1061;911207;32;167;388410;6;16
15/12/2023;14593977;26;709;911354;24;127;388461;1;12
16/12/2023;14598133;15;356;911598;5;47;388507;1;9
17/12/2023;14602163;10;281;911735;12;59;388512;2;6
18/12/2023;14604798;11;544;911903;3;75;388512;2;11
19/12/2023;14604798;11;146;911903;3;22;388512;2;11
20/12/2023;14604798;11;12;911903;3;22;388512;2;1
